Type,numbers,time,author,site,latitude_N,longitude_W,precipitation_mm,temperature_C,altitude,N_addition_type,N_addition_levels_kg_per_ha_per_yr,mesh_size,soil_fauna2,decomposition_time_days,litter_type,mass_loss,Mse,Mn,ind,Ise,In,Shannon,Sse,Sn
A,1,2014,Sandra Barantal,Amazonian rainforest ,5.18,-52.53,3041,25.7,,CO(NH_2)_2,0,0.068,,158,single,31.675,1.092,30,,,,,,
A,1,2014,Sandra Barantal,Amazonian rainforest ,5.18,-52.53,3041,25.7,,CO(NH_2)_2,0,8,,158,single,44.194,3.576,30,,,,,,
A,1,2014,Sandra Barantal,Amazonian rainforest ,5.18,-52.53,3041,25.7,,CO(NH_2)_2,130,0.068,,158,single,38.031,2.387,20,,,,,,
A,1,2014,Sandra Barantal,Amazonian rainforest ,5.18,-52.53,3041,25.7,,CO(NH_2)_2,130,8,,158,single,42.334,3.181,28,,,,,,
A,1,2014,Sandra Barantal,Amazonian rainforest ,5.18,-52.53,3041,25.7,,CO(NH_2)_2,0,0.068,,158,mixture,35.094,0.673,70,,,,,,
A,1,2014,Sandra Barantal,Amazonian rainforest ,5.18,-52.53,3041,25.7,,CO(NH_2)_2,0,8,,158,mixture,52.143,1.555,70,,,,,,
A,1,2014,Sandra Barantal,Amazonian rainforest ,5.18,-52.53,3041,25.7,,CO(NH_2)_2,130,0.068,,158,mixture,36.317,0.517,70,,,,,,
A,1,2014,Sandra Barantal,Amazonian rainforest ,5.18,-52.53,3041,25.7,,CO(NH_2)_2,130,8,,158,mixture,49.534,1.709,70,,,,,,
A,2,2020,No¨¦mie A. Pichon,M¨¹nchenbuchsee ,47.03,7.46,1051,9.2,,CO(NH_2)_2,0,0.2,,75,single,31.607,2.339,18,,,,,,
A,2,2020,No¨¦mie A. Pichon,M¨¹nchenbuchsee ,47.03,7.46,1051,9.2,,CO(NH_2)_2,0,2,,75,single,33.744,2.389,18,,,,,,
A,2,2020,No¨¦mie A. Pichon,M¨¹nchenbuchsee ,47.03,7.46,1051,9.2,,CO(NH_2)_2,0,5,,75,single,40.573,4.423,18,,,,,,
A,2,2020,No¨¦mie A. Pichon,M¨¹nchenbuchsee ,47.03,7.46,1051,9.2,,CO(NH_2)_2,100,0.2,,75,single,34.636,1.329,18,,,,,,
A,2,2020,No¨¦mie A. Pichon,M¨¹nchenbuchsee ,47.03,7.46,1051,9.2,,CO(NH_2)_2,100,2,,75,single,37.032,2.471,18,,,,,,
A,2,2020,No¨¦mie A. Pichon,M¨¹nchenbuchsee ,47.03,7.46,1051,9.2,,CO(NH_2)_2,100,5,,75,single,43.204,3.275,18,,,,,,
A,2,2020,No¨¦mie A. Pichon,M¨¹nchenbuchsee ,47.03,7.46,1051,9.2,,CO(NH_2)_2,0,0.2,,75,mixture,32.077,0.824,64,,,,,,
A,2,2020,No¨¦mie A. Pichon,M¨¹nchenbuchsee ,47.03,7.46,1051,9.2,,CO(NH_2)_2,0,2,,75,mixture,33.429,0.923,64,,,,,,
A,2,2020,No¨¦mie A. Pichon,M¨¹nchenbuchsee ,47.03,7.46,1051,9.2,,CO(NH_2)_2,0,5,,75,mixture,39.792,1.406,64,,,,,,
A,2,2020,No¨¦mie A. Pichon,M¨¹nchenbuchsee ,47.03,7.46,1051,9.2,,CO(NH_2)_2,100,0.2,,75,mixture,33.279,0.85,64,,,,,,
A,2,2020,No¨¦mie A. Pichon,M¨¹nchenbuchsee ,47.03,7.46,1051,9.2,,CO(NH_2)_2,100,2,,75,mixture,36.751,0.936,64,,,,,,
A,2,2020,No¨¦mie A. Pichon,M¨¹nchenbuchsee ,47.03,7.46,1051,9.2,,CO(NH_2)_2,100,5,,75,mixture,41.35,1.577,64,,,,,,
A,3,2021,Liang Zhiwei,"Ulanqab City, Inner Mongolia",41.47,111.53,280,3.4,1450,NH_4NO_3,0,0.01,,180,single,17.614,1.624,6,,,,,,
A,3,2021,Liang Zhiwei,"Ulanqab City, Inner Mongolia",41.47,111.53,280,3.4,1450,NH_4NO_3,0,2,,180,single,22.893,1.624,6,,,,,,
A,3,2021,Liang Zhiwei,"Ulanqab City, Inner Mongolia",41.47,111.53,280,3.4,1450,NH_4NO_3,30,0.01,,180,single,19.239,1.218,6,,,,,,
A,3,2021,Liang Zhiwei,"Ulanqab City, Inner Mongolia",41.47,111.53,280,3.4,1450,NH_4NO_3,30,2,,180,single,22.487,1.218,6,,,,,,
A,3,2021,Liang Zhiwei,"Ulanqab City, Inner Mongolia",41.47,111.53,280,3.4,1450,NH_4NO_3,50,0.01,,180,single,19.895,1.619,6,,,,,,
A,3,2021,Liang Zhiwei,"Ulanqab City, Inner Mongolia",41.47,111.53,280,3.4,1450,NH_4NO_3,50,2,,180,single,23.941,1.213,6,,,,,,
A,3,2021,Liang Zhiwei,"Ulanqab City, Inner Mongolia",41.47,111.53,280,3.4,1450,NH_4NO_3,100,0.01,,180,single,17.68,1.618,6,,,,,,
A,3,2021,Liang Zhiwei,"Ulanqab City, Inner Mongolia",41.47,111.53,280,3.4,1450,NH_4NO_3,100,2,,180,single,24.559,1.619,6,,,,,,
A,3,2021,Liang Zhiwei,"Ulanqab City, Inner Mongolia",41.47,111.53,280,3.4,1450,NH_4NO_3,0,0.01,,365,single,22.487,1.624,6,,,,,,
A,3,2021,Liang Zhiwei,"Ulanqab City, Inner Mongolia",41.47,111.53,280,3.4,1450,NH_4NO_3,0,2,,365,single,33.858,3.249,6,,,,,,
A,3,2021,Liang Zhiwei,"Ulanqab City, Inner Mongolia",41.47,111.53,280,3.4,1450,NH_4NO_3,30,0.01,,365,single,22.893,1.218,6,,,,,,
A,3,2021,Liang Zhiwei,"Ulanqab City, Inner Mongolia",41.47,111.53,280,3.4,1450,NH_4NO_3,30,2,,365,single,36.294,4.061,6,,,,,,
A,3,2021,Liang Zhiwei,"Ulanqab City, Inner Mongolia",41.47,111.53,280,3.4,1450,NH_4NO_3,50,0.01,,365,single,24.407,0.809,6,,,,,,
A,3,2021,Liang Zhiwei,"Ulanqab City, Inner Mongolia",41.47,111.53,280,3.4,1450,NH_4NO_3,50,2,,365,single,36.949,1.214,6,,,,,,
A,3,2021,Liang Zhiwei,"Ulanqab City, Inner Mongolia",41.47,111.53,280,3.4,1450,NH_4NO_3,100,0.01,,365,single,21.788,2.023,6,,,,,,
A,3,2021,Liang Zhiwei,"Ulanqab City, Inner Mongolia",41.47,111.53,280,3.4,1450,NH_4NO_3,100,2,,365,single,33.118,3.237,6,,,,,,
A,3,2021,Liang Zhiwei,"Ulanqab City, Inner Mongolia",41.47,111.53,280,3.4,1450,NH_4NO_3,0,0.01,,450,single,25.736,2.437,6,,,,,,
A,3,2021,Liang Zhiwei,"Ulanqab City, Inner Mongolia",41.47,111.53,280,3.4,1450,NH_4NO_3,0,2,,450,single,37.513,3.249,6,,,,,,
A,3,2021,Liang Zhiwei,"Ulanqab City, Inner Mongolia",41.47,111.53,280,3.4,1450,NH_4NO_3,30,0.01,,450,single,27.36,0.812,6,,,,,,
A,3,2021,Liang Zhiwei,"Ulanqab City, Inner Mongolia",41.47,111.53,280,3.4,1450,NH_4NO_3,30,2,,450,single,39.949,1.624,6,,,,,,
A,3,2021,Liang Zhiwei,"Ulanqab City, Inner Mongolia",41.47,111.53,280,3.4,1450,NH_4NO_3,50,0.01,,450,single,28.079,0.81,6,,,,,,
A,3,2021,Liang Zhiwei,"Ulanqab City, Inner Mongolia",41.47,111.53,280,3.4,1450,NH_4NO_3,50,2,,450,single,42.241,6.069,6,,,,,,
A,3,2021,Liang Zhiwei,"Ulanqab City, Inner Mongolia",41.47,111.53,280,3.4,1450,NH_4NO_3,100,0.01,,450,single,26.674,1.619,6,,,,,,
A,3,2021,Liang Zhiwei,"Ulanqab City, Inner Mongolia",41.47,111.53,280,3.4,1450,NH_4NO_3,100,2,,450,single,35.171,1.618,6,,,,,,
A,3,2021,Liang Zhiwei,"Ulanqab City, Inner Mongolia",41.47,111.53,280,3.4,1450,NH_4NO_3,0,0.01,,540,single,31.421,1.218,6,,,,,,
A,3,2021,Liang Zhiwei,"Ulanqab City, Inner Mongolia",41.47,111.53,280,3.4,1450,NH_4NO_3,0,2,,540,single,48.883,2.843,6,,,,,,
A,3,2021,Liang Zhiwei,"Ulanqab City, Inner Mongolia",41.47,111.53,280,3.4,1450,NH_4NO_3,30,0.01,,540,single,33.858,3.249,6,,,,,,
A,3,2021,Liang Zhiwei,"Ulanqab City, Inner Mongolia",41.47,111.53,280,3.4,1450,NH_4NO_3,30,2,,540,single,47.665,6.091,6,,,,,,
A,3,2021,Liang Zhiwei,"Ulanqab City, Inner Mongolia",41.47,111.53,280,3.4,1450,NH_4NO_3,50,0.01,,540,single,31.346,1.214,6,,,,,,
A,3,2021,Liang Zhiwei,"Ulanqab City, Inner Mongolia",41.47,111.53,280,3.4,1450,NH_4NO_3,50,2,,540,single,52.792,4.856,6,,,,,,
A,3,2021,Liang Zhiwei,"Ulanqab City, Inner Mongolia",41.47,111.53,280,3.4,1450,NH_4NO_3,100,0.01,,540,single,30.751,2.428,6,,,,,,
A,3,2021,Liang Zhiwei,"Ulanqab City, Inner Mongolia",41.47,111.53,280,3.4,1450,NH_4NO_3,100,2,,540,single,45.317,2.428,6,,,,,,
A,4,2016,Weidong Zhang,"Ulanqab City, Inner Mongolia",26.75,109.67,1200,16.5,,N_aNO_3,0,0.1,,365,single,65.699,4.272,36,,,,,,
A,4,2016,Weidong Zhang,"Ulanqab City, Inner Mongolia",26.75,109.67,1200,16.5,,N_aNO_3,0,2,,365,single,75.117,3.869,36,,,,,,
A,4,2016,Weidong Zhang,"Ulanqab City, Inner Mongolia",26.75,109.67,1200,16.5,,N_aNO_3,56,0.1,,365,single,63.977,3.33,36,,,,,,
A,4,2016,Weidong Zhang,"Ulanqab City, Inner Mongolia",26.75,109.67,1200,16.5,,N_aNO_3,56,2,,365,single,69.425,4.754,36,,,,,,
A,4,2016,Weidong Zhang,"Ulanqab City, Inner Mongolia",26.75,109.67,1200,16.5,,N_aNO_3,224,0.1,,365,single,58.355,2.893,36,,,,,,
A,4,2016,Weidong Zhang,"Ulanqab City, Inner Mongolia",26.75,109.67,1200,16.5,,N_aNO_3,224,2,,365,single,66.311,3.839,36,,,,,,
A,4,2016,Weidong Zhang,"Ulanqab City, Inner Mongolia",26.75,109.67,1200,16.5,,N_aNO_3,560,0.1,,365,single,47.586,4.223,36,,,,,,
A,4,2016,Weidong Zhang,"Ulanqab City, Inner Mongolia",26.75,109.67,1200,16.5,,N_aNO_3,560,2,,365,single,55.47,2.129,36,,,,,,
A,5,2017,Hong Lin,Zijin Mountain,32.5,118.48,1106.5,15.4,447.1,NH_4NO_3,0,0.2,,60,single,11.229,1.133,12,,,,,,
A,5,2017,Hong Lin,Zijin Mountain,32.5,118.48,1106.5,15.4,447.1,NH_4NO_3,0,2,,60,single,10.197,0.574,12,,,,,,
A,5,2017,Hong Lin,Zijin Mountain,32.5,118.48,1106.5,15.4,447.1,NH_4NO_3,47,0.2,,60,single,11.997,0.921,12,,,,,,
A,5,2017,Hong Lin,Zijin Mountain,32.5,118.48,1106.5,15.4,447.1,NH_4NO_3,47,2,,60,single,9.534,0.62,12,,,,,,
A,5,2017,Hong Lin,Zijin Mountain,32.5,118.48,1106.5,15.4,447.1,NH_4NO_3,0,0.2,,120,single,24.363,1.101,12,,,,,,
A,5,2017,Hong Lin,Zijin Mountain,32.5,118.48,1106.5,15.4,447.1,NH_4NO_3,0,2,,120,single,22.285,0.717,12,,,,,,
A,5,2017,Hong Lin,Zijin Mountain,32.5,118.48,1106.5,15.4,447.1,NH_4NO_3,47,0.2,,120,single,22.091,0.93,12,,,,,,
A,5,2017,Hong Lin,Zijin Mountain,32.5,118.48,1106.5,15.4,447.1,NH_4NO_3,47,2,,120,single,21.52,0.98,12,,,,,,
A,5,2017,Hong Lin,Zijin Mountain,32.5,118.48,1106.5,15.4,447.1,NH_4NO_3,0,0.2,,180,single,33.501,1.514,12,,,,,,
A,5,2017,Hong Lin,Zijin Mountain,32.5,118.48,1106.5,15.4,447.1,NH_4NO_3,0,2,,180,single,39.843,3.414,12,,,,,,
A,5,2017,Hong Lin,Zijin Mountain,32.5,118.48,1106.5,15.4,447.1,NH_4NO_3,47,0.2,,180,single,26.844,1.126,12,,,,,,
A,5,2017,Hong Lin,Zijin Mountain,32.5,118.48,1106.5,15.4,447.1,NH_4NO_3,47,2,,180,single,27.456,2.255,12,,,,,,
A,5,2017,Hong Lin,Zijin Mountain,32.5,118.48,1106.5,15.4,447.1,NH_4NO_3,0,0.2,,240,single,43.127,1.086,12,,,,,,
A,5,2017,Hong Lin,Zijin Mountain,32.5,118.48,1106.5,15.4,447.1,NH_4NO_3,0,2,,240,single,64.467,4.602,12,,,,,,
A,5,2017,Hong Lin,Zijin Mountain,32.5,118.48,1106.5,15.4,447.1,NH_4NO_3,47,0.2,,240,single,36.084,0.826,12,,,,,,
A,5,2017,Hong Lin,Zijin Mountain,32.5,118.48,1106.5,15.4,447.1,NH_4NO_3,47,2,,240,single,60.577,5.954,12,,,,,,
A,5,2017,Hong Lin,Zijin Mountain,32.5,118.48,1106.5,15.4,447.1,NH_4NO_3,0,0.2,,300,single,47.134,1.467,12,,,,,,
A,5,2017,Hong Lin,Zijin Mountain,32.5,118.48,1106.5,15.4,447.1,NH_4NO_3,0,2,,300,single,70.642,3.684,12,,,,,,
A,5,2017,Hong Lin,Zijin Mountain,32.5,118.48,1106.5,15.4,447.1,NH_4NO_3,47,0.2,,300,single,43.121,1.689,12,,,,,,
A,5,2017,Hong Lin,Zijin Mountain,32.5,118.48,1106.5,15.4,447.1,NH_4NO_3,47,2,,300,single,69.878,4.355,12,,,,,,
A,6,2021,Qun Liu,Dujiangyan,31.01,103.37,1240,15.2,896-1320,NH_4NO_3,0,0.1,,279,single,55.689,2.455,18,,,,,,
A,6,2021,Qun Liu,Dujiangyan,31.01,103.37,1240,15.2,896-1320,NH_4NO_3,0,2,,279,single,67.669,1.736,18,,,,,,
A,6,2021,Qun Liu,Dujiangyan,31.01,103.37,1240,15.2,896-1320,NH_4NO_3,20,0.1,,279,single,62.147,1.689,18,,,,,,
A,6,2021,Qun Liu,Dujiangyan,31.01,103.37,1240,15.2,896-1320,NH_4NO_3,20,2,,279,single,72.932,1.158,18,,,,,,
A,6,2021,Qun Liu,Dujiangyan,31.01,103.37,1240,15.2,896-1320,NH_4NO_3,40,0.1,,279,single,55.639,2.171,18,,,,,,
A,6,2021,Qun Liu,Dujiangyan,31.01,103.37,1240,15.2,896-1320,NH_4NO_3,40,2,,279,single,71.429,1.881,18,,,,,,
A,7,2022,Rui Yin,Dujiangyan,31.01,103.37,1243,15.2,896-1320,NH_4NO_3,0,0.02,,365,single,69.216,0.968,18,,,,,,
A,7,2022,Rui Yin,Dujiangyan,31.01,103.37,1243,15.2,896-1320,NH_4NO_3,0,3,,365,single,40.198,0.299,18,,,,,,
A,7,2022,Rui Yin,Dujiangyan,31.01,103.37,1243,15.2,896-1320,NH_4NO_3,20,0.02,,365,single,77.1,0.427,18,,,,,,
A,7,2022,Rui Yin,Dujiangyan,31.01,103.37,1243,15.2,896-1320,NH_4NO_3,20,3,,365,single,42.387,0.706,18,,,,,,
A,7,2022,Rui Yin,Dujiangyan,31.01,103.37,1243,15.2,896-1320,NH_4NO_3,40,0.02,,365,single,70.22,0.667,18,,,,,,
A,7,2022,Rui Yin,Dujiangyan,31.01,103.37,1243,15.2,896-1320,NH_4NO_3,40,3,,365,single,51.825,0.825,18,,,,,,
A,8,2022,Junwei Luan,Changning,28.22,105.01,1140,18.3,,NH_4NO_3,0,0.05,,319,single,44.822,2.69,20,,,,,,
A,8,2022,Junwei Luan,Changning,28.22,105.01,1140,18.3,,NH_4NO_3,0,1,,319,single,46.195,2.337,20,,,,,,
A,8,2022,Junwei Luan,Changning,28.22,105.01,1140,18.3,,NH_4NO_3,0,5,,319,single,53.239,3.58,20,,,,,,
A,8,2022,Junwei Luan,Changning,28.22,105.01,1140,18.3,,NH_4NO_3,100,0.05,,319,single,40.762,2.071,20,,,,,,
A,8,2022,Junwei Luan,Changning,28.22,105.01,1140,18.3,,NH_4NO_3,100,1,,319,single,36.348,2.658,20,,,,,,
A,8,2022,Junwei Luan,Changning,28.22,105.01,1140,18.3,,NH_4NO_3,100,5,,319,single,37.744,2.748,20,,,,,,
A,9,2020,Pu Yue,"Lingyan Mountain, Dujiangyan",31.01,103.35,1243,15.2,1108,NH_4NO_3,0,0.01,,60,single,16.946,1.517,6,,,,,,
A,9,2020,Pu Yue,"Lingyan Mountain, Dujiangyan",31.01,103.35,1243,15.2,1108,NH_4NO_3,0,2,,60,single,19.993,0.837,6,,,,,,
A,9,2020,Pu Yue,"Lingyan Mountain, Dujiangyan",31.01,103.35,1243,15.2,1108,NH_4NO_3,20,0.01,,60,single,16.73,1.566,6,,,,,,
A,9,2020,Pu Yue,"Lingyan Mountain, Dujiangyan",31.01,103.35,1243,15.2,1108,NH_4NO_3,20,2,,60,single,19.984,0.909,6,,,,,,
A,9,2020,Pu Yue,"Lingyan Mountain, Dujiangyan",31.01,103.35,1243,15.2,1108,NH_4NO_3,40,0.01,,60,single,16.339,1.696,6,,,,,,
A,9,2020,Pu Yue,"Lingyan Mountain, Dujiangyan",31.01,103.35,1243,15.2,1108,NH_4NO_3,40,2,,60,single,19.371,0.928,6,,,,,,
A,9,2020,Pu Yue,"Lingyan Mountain, Dujiangyan",31.01,103.35,1243,15.2,1108,NH_4NO_3,0,0.01,,120,single,19.909,1.186,6,,,,,,
A,9,2020,Pu Yue,"Lingyan Mountain, Dujiangyan",31.01,103.35,1243,15.2,1108,NH_4NO_3,0,2,,120,single,25.754,2.332,6,,,,,,
A,9,2020,Pu Yue,"Lingyan Mountain, Dujiangyan",31.01,103.35,1243,15.2,1108,NH_4NO_3,20,0.01,,120,single,20.667,1.542,6,,,,,,
A,9,2020,Pu Yue,"Lingyan Mountain, Dujiangyan",31.01,103.35,1243,15.2,1108,NH_4NO_3,20,2,,120,single,28.413,2.171,6,,,,,,
A,9,2020,Pu Yue,"Lingyan Mountain, Dujiangyan",31.01,103.35,1243,15.2,1108,NH_4NO_3,40,0.01,,120,single,18.744,1.577,6,,,,,,
A,9,2020,Pu Yue,"Lingyan Mountain, Dujiangyan",31.01,103.35,1243,15.2,1108,NH_4NO_3,40,2,,120,single,23.653,2.071,6,,,,,,
A,9,2020,Pu Yue,"Lingyan Mountain, Dujiangyan",31.01,103.35,1243,15.2,1108,NH_4NO_3,0,0.01,,180,single,27.338,2.331,6,,,,,,
A,9,2020,Pu Yue,"Lingyan Mountain, Dujiangyan",31.01,103.35,1243,15.2,1108,NH_4NO_3,0,2,,180,single,39.182,1.736,6,,,,,,
A,9,2020,Pu Yue,"Lingyan Mountain, Dujiangyan",31.01,103.35,1243,15.2,1108,NH_4NO_3,20,0.01,,180,single,29.977,2.374,6,,,,,,
A,9,2020,Pu Yue,"Lingyan Mountain, Dujiangyan",31.01,103.35,1243,15.2,1108,NH_4NO_3,20,2,,180,single,38.429,1.426,6,,,,,,
A,9,2020,Pu Yue,"Lingyan Mountain, Dujiangyan",31.01,103.35,1243,15.2,1108,NH_4NO_3,40,0.01,,180,single,26.322,2.252,6,,,,,,
A,9,2020,Pu Yue,"Lingyan Mountain, Dujiangyan",31.01,103.35,1243,15.2,1108,NH_4NO_3,40,2,,180,single,33.274,1.402,6,,,,,,
A,9,2020,Pu Yue,"Lingyan Mountain, Dujiangyan",31.01,103.35,1243,15.2,1108,NH_4NO_3,0,0.01,,240,single,39.306,2.473,6,,,,,,
A,9,2020,Pu Yue,"Lingyan Mountain, Dujiangyan",31.01,103.35,1243,15.2,1108,NH_4NO_3,0,2,,240,single,51.508,3.555,6,,,,,,
A,9,2020,Pu Yue,"Lingyan Mountain, Dujiangyan",31.01,103.35,1243,15.2,1108,NH_4NO_3,20,0.01,,240,single,43.341,3.385,6,,,,,,
A,9,2020,Pu Yue,"Lingyan Mountain, Dujiangyan",31.01,103.35,1243,15.2,1108,NH_4NO_3,20,2,,240,single,53.818,5.947,6,,,,,,
A,9,2020,Pu Yue,"Lingyan Mountain, Dujiangyan",31.01,103.35,1243,15.2,1108,NH_4NO_3,40,0.01,,240,single,33.009,1.479,6,,,,,,
A,9,2020,Pu Yue,"Lingyan Mountain, Dujiangyan",31.01,103.35,1243,15.2,1108,NH_4NO_3,40,2,,240,single,44.04,4.377,6,,,,,,
A,9,2020,Pu Yue,"Lingyan Mountain, Dujiangyan",31.01,103.35,1243,15.2,1108,NH_4NO_3,0,0.01,,300,single,49.841,4.876,6,,,,,,
A,9,2020,Pu Yue,"Lingyan Mountain, Dujiangyan",31.01,103.35,1243,15.2,1108,NH_4NO_3,0,2,,300,single,56.924,4.29,6,,,,,,
A,9,2020,Pu Yue,"Lingyan Mountain, Dujiangyan",31.01,103.35,1243,15.2,1108,NH_4NO_3,20,0.01,,300,single,51.659,5.088,6,,,,,,
A,9,2020,Pu Yue,"Lingyan Mountain, Dujiangyan",31.01,103.35,1243,15.2,1108,NH_4NO_3,20,2,,300,single,60.04,7.071,6,,,,,,
A,9,2020,Pu Yue,"Lingyan Mountain, Dujiangyan",31.01,103.35,1243,15.2,1108,NH_4NO_3,40,0.01,,300,single,46.545,3.918,6,,,,,,
A,9,2020,Pu Yue,"Lingyan Mountain, Dujiangyan",31.01,103.35,1243,15.2,1108,NH_4NO_3,40,2,,300,single,51.846,5.037,6,,,,,,
A,10,2018,Zhang Ling,"Yancheng City, Jiangsu Province",32.52,120.49,1051,14.6,,NH_4NO_3,0,0.01,,61,single,9.5861,0.916,9,,,,,,
A,10,2018,Zhang Ling,"Yancheng City, Jiangsu Province",32.52,120.49,1051,14.6,,NH_4NO_3,0,1,,61,single,15.9983,1.376,9,,,,,,
A,10,2018,Zhang Ling,"Yancheng City, Jiangsu Province",32.52,120.49,1051,14.6,,NH_4NO_3,0,5,,61,single,18.7456,1.831,9,,,,,,
A,10,2018,Zhang Ling,"Yancheng City, Jiangsu Province",32.52,120.49,1051,14.6,,NH_4NO_3,50,0.01,,61,single,10.2384,1.374,9,,,,,,
A,10,2018,Zhang Ling,"Yancheng City, Jiangsu Province",32.52,120.49,1051,14.6,,NH_4NO_3,50,1,,61,single,15.7346,0.917,9,,,,,,
A,10,2018,Zhang Ling,"Yancheng City, Jiangsu Province",32.52,120.49,1051,14.6,,NH_4NO_3,50,5,,61,single,17.1086,1.833,9,,,,,,
A,10,2018,Zhang Ling,"Yancheng City, Jiangsu Province",32.52,120.49,1051,14.6,,NH_4NO_3,100,0.01,,61,single,9.6923,1.3846,9,,,,,,
A,10,2018,Zhang Ling,"Yancheng City, Jiangsu Province",32.52,120.49,1051,14.6,,NH_4NO_3,100,1,,61,single,16.1538,4.154,9,,,,,,
A,10,2018,Zhang Ling,"Yancheng City, Jiangsu Province",32.52,120.49,1051,14.6,,NH_4NO_3,100,5,,61,single,17.0769,3.692,9,,,,,,
A,10,2018,Zhang Ling,"Yancheng City, Jiangsu Province",32.52,120.49,1051,14.6,,NH_4NO_3,150,0.01,,61,single,10.6154,1.3846,9,,,,,,
A,10,2018,Zhang Ling,"Yancheng City, Jiangsu Province",32.52,120.49,1051,14.6,,NH_4NO_3,150,1,,61,single,16.6154,1.385,9,,,,,,
A,10,2018,Zhang Ling,"Yancheng City, Jiangsu Province",32.52,120.49,1051,14.6,,NH_4NO_3,150,5,,61,single,17.5385,0.923,9,,,,,,
A,10,2018,Zhang Ling,"Yancheng City, Jiangsu Province",32.52,120.49,1051,14.6,,NH_4NO_3,300,0.01,,61,single,9.2232,0.928,9,,,,,,
A,10,2018,Zhang Ling,"Yancheng City, Jiangsu Province",32.52,120.49,1051,14.6,,NH_4NO_3,300,1,,61,single,15.7348,1.393,9,,,,,,
A,10,2018,Zhang Ling,"Yancheng City, Jiangsu Province",32.52,120.49,1051,14.6,,NH_4NO_3,300,5,,61,single,17.1302,1.397,9,,,,,,
A,10,2018,Zhang Ling,"Yancheng City, Jiangsu Province",32.52,120.49,1051,14.6,,NH_4NO_3,0,0.01,,121,single,17.7989,0.918,9,,,,,,
A,10,2018,Zhang Ling,"Yancheng City, Jiangsu Province",32.52,120.49,1051,14.6,,NH_4NO_3,0,1,,121,single,18.2553,0.459,9,,,,,,
A,10,2018,Zhang Ling,"Yancheng City, Jiangsu Province",32.52,120.49,1051,14.6,,NH_4NO_3,0,5,,121,single,19.6293,1.374,9,,,,,,
A,10,2018,Zhang Ling,"Yancheng City, Jiangsu Province",32.52,120.49,1051,14.6,,NH_4NO_3,50,0.01,,121,single,16.6184,1.374,9,,,,,,
A,10,2018,Zhang Ling,"Yancheng City, Jiangsu Province",32.52,120.49,1051,14.6,,NH_4NO_3,50,1,,121,single,20.741,1.374,9,,,,,,
A,10,2018,Zhang Ling,"Yancheng City, Jiangsu Province",32.52,120.49,1051,14.6,,NH_4NO_3,50,5,,121,single,21.657,1.832,9,,,,,,
A,10,2018,Zhang Ling,"Yancheng City, Jiangsu Province",32.52,120.49,1051,14.6,,NH_4NO_3,100,0.01,,121,single,18.4615,0.923,9,,,,,,
A,10,2018,Zhang Ling,"Yancheng City, Jiangsu Province",32.52,120.49,1051,14.6,,NH_4NO_3,100,1,,121,single,19.3846,0.923,9,,,,,,
A,10,2018,Zhang Ling,"Yancheng City, Jiangsu Province",32.52,120.49,1051,14.6,,NH_4NO_3,100,5,,121,single,20.7692,0.923,9,,,,,,
A,10,2018,Zhang Ling,"Yancheng City, Jiangsu Province",32.52,120.49,1051,14.6,,NH_4NO_3,150,0.01,,121,single,18.9231,1.385,9,,,,,,
A,10,2018,Zhang Ling,"Yancheng City, Jiangsu Province",32.52,120.49,1051,14.6,,NH_4NO_3,150,1,,121,single,19.8462,0.923,9,,,,,,
A,10,2018,Zhang Ling,"Yancheng City, Jiangsu Province",32.52,120.49,1051,14.6,,NH_4NO_3,150,5,,121,single,21.2308,0.923,9,,,,,,
A,10,2018,Zhang Ling,"Yancheng City, Jiangsu Province",32.52,120.49,1051,14.6,,NH_4NO_3,300,0.01,,121,single,18.4503,1.397,9,,,,,,
A,10,2018,Zhang Ling,"Yancheng City, Jiangsu Province",32.52,120.49,1051,14.6,,NH_4NO_3,300,1,,121,single,20.7739,0.467,9,,,,,,
A,10,2018,Zhang Ling,"Yancheng City, Jiangsu Province",32.52,120.49,1051,14.6,,NH_4NO_3,300,5,,121,single,21.7022,0.469,9,,,,,,
A,10,2018,Zhang Ling,"Yancheng City, Jiangsu Province",32.52,120.49,1051,14.6,,NH_4NO_3,0,0.01,,181,single,23.7192,0.916,9,,,,,,
A,10,2018,Zhang Ling,"Yancheng City, Jiangsu Province",32.52,120.49,1051,14.6,,NH_4NO_3,0,1,,181,single,26.0093,1.832,9,,,,,,
A,10,2018,Zhang Ling,"Yancheng City, Jiangsu Province",32.52,120.49,1051,14.6,,NH_4NO_3,0,5,,181,single,30.1322,0.915,9,,,,,,
A,10,2018,Zhang Ling,"Yancheng City, Jiangsu Province",32.52,120.49,1051,14.6,,NH_4NO_3,50,0.01,,181,single,25.746,2.291,9,,,,,,
A,10,2018,Zhang Ling,"Yancheng City, Jiangsu Province",32.52,120.49,1051,14.6,,NH_4NO_3,50,1,,181,single,26.204,2.29,9,,,,,,
A,10,2018,Zhang Ling,"Yancheng City, Jiangsu Province",32.52,120.49,1051,14.6,,NH_4NO_3,50,5,,181,single,28.0365,1.832,9,,,,,,
A,10,2018,Zhang Ling,"Yancheng City, Jiangsu Province",32.52,120.49,1051,14.6,,NH_4NO_3,100,0.01,,181,single,26.7692,3.692,9,,,,,,
A,10,2018,Zhang Ling,"Yancheng City, Jiangsu Province",32.52,120.49,1051,14.6,,NH_4NO_3,100,1,,181,single,26.769,0.923,9,,,,,,
A,10,2018,Zhang Ling,"Yancheng City, Jiangsu Province",32.52,120.49,1051,14.6,,NH_4NO_3,100,5,,181,single,28.1538,2.769,9,,,,,,
A,10,2018,Zhang Ling,"Yancheng City, Jiangsu Province",32.52,120.49,1051,14.6,,NH_4NO_3,150,0.01,,181,single,26.3077,1.385,9,,,,,,
A,10,2018,Zhang Ling,"Yancheng City, Jiangsu Province",32.52,120.49,1051,14.6,,NH_4NO_3,150,1,,181,single,28.1538,1.385,9,,,,,,
A,10,2018,Zhang Ling,"Yancheng City, Jiangsu Province",32.52,120.49,1051,14.6,,NH_4NO_3,150,5,,181,single,30,2.308,9,,,,,,
A,10,2018,Zhang Ling,"Yancheng City, Jiangsu Province",32.52,120.49,1051,14.6,,NH_4NO_3,300,0.01,,181,single,24.4176,2.328,9,,,,,,
A,10,2018,Zhang Ling,"Yancheng City, Jiangsu Province",32.52,120.49,1051,14.6,,NH_4NO_3,300,1,,181,single,25.3479,0.928,9,,,,,,
A,10,2018,Zhang Ling,"Yancheng City, Jiangsu Province",32.52,120.49,1051,14.6,,NH_4NO_3,300,5,,181,single,27.2083,0.928,9,,,,,,
A,10,2018,Zhang Ling,"Yancheng City, Jiangsu Province",32.52,120.49,1051,14.6,,NH_4NO_3,0,0.01,,241,single,39.2595,1.832,9,,,,,,
A,10,2018,Zhang Ling,"Yancheng City, Jiangsu Province",32.52,120.49,1051,14.6,,NH_4NO_3,0,1,,241,single,39.2579,0.918,9,,,,,,
A,10,2018,Zhang Ling,"Yancheng City, Jiangsu Province",32.52,120.49,1051,14.6,,NH_4NO_3,0,5,,241,single,41.5496,0.916,9,,,,,,
A,10,2018,Zhang Ling,"Yancheng City, Jiangsu Province",32.52,120.49,1051,14.6,,NH_4NO_3,50,0.01,,241,single,39.4538,1.374,9,,,,,,
A,10,2018,Zhang Ling,"Yancheng City, Jiangsu Province",32.52,120.49,1051,14.6,,NH_4NO_3,50,1,,241,single,39.911,0.917,9,,,,,,
A,10,2018,Zhang Ling,"Yancheng City, Jiangsu Province",32.52,120.49,1051,14.6,,NH_4NO_3,50,5,,241,single,40.828,1.375,9,,,,,,
A,10,2018,Zhang Ling,"Yancheng City, Jiangsu Province",32.52,120.49,1051,14.6,,NH_4NO_3,100,0.01,,241,single,39.2308,3.231,9,,,,,,
A,10,2018,Zhang Ling,"Yancheng City, Jiangsu Province",32.52,120.49,1051,14.6,,NH_4NO_3,100,1,,241,single,40.1538,0.462,9,,,,,,
A,10,2018,Zhang Ling,"Yancheng City, Jiangsu Province",32.52,120.49,1051,14.6,,NH_4NO_3,100,5,,241,single,41.5385,3.692,9,,,,,,
A,10,2018,Zhang Ling,"Yancheng City, Jiangsu Province",32.52,120.49,1051,14.6,,NH_4NO_3,150,0.01,,241,single,38.7692,0.923,9,,,,,,
A,10,2018,Zhang Ling,"Yancheng City, Jiangsu Province",32.52,120.49,1051,14.6,,NH_4NO_3,150,1,,241,single,39.6923,0.923,9,,,,,,
A,10,2018,Zhang Ling,"Yancheng City, Jiangsu Province",32.52,120.49,1051,14.6,,NH_4NO_3,150,5,,241,single,41.0769,1.385,9,,,,,,
A,10,2018,Zhang Ling,"Yancheng City, Jiangsu Province",32.52,120.49,1051,14.6,,NH_4NO_3,300,0.01,,241,single,38.2939,0.934,9,,,,,,
A,10,2018,Zhang Ling,"Yancheng City, Jiangsu Province",32.52,120.49,1051,14.6,,NH_4NO_3,300,1,,241,single,39.6893,0.469,9,,,,,,
A,10,2018,Zhang Ling,"Yancheng City, Jiangsu Province",32.52,120.49,1051,14.6,,NH_4NO_3,300,5,,241,single,40.1525,1.86,9,,,,,,
A,10,2018,Zhang Ling,"Yancheng City, Jiangsu Province",32.52,120.49,1051,14.6,,NH_4NO_3,0,0.01,,301,single,46.0975,3.207,9,,,,,,
A,10,2018,Zhang Ling,"Yancheng City, Jiangsu Province",32.52,120.49,1051,14.6,,NH_4NO_3,0,1,,301,single,47.4715,1.374,9,,,,,,
A,10,2018,Zhang Ling,"Yancheng City, Jiangsu Province",32.52,120.49,1051,14.6,,NH_4NO_3,0,5,,301,single,48.3867,1.832,9,,,,,,
A,10,2018,Zhang Ling,"Yancheng City, Jiangsu Province",32.52,120.49,1051,14.6,,NH_4NO_3,50,0.01,,301,single,42.628,3.206,9,,,,,,
A,10,2018,Zhang Ling,"Yancheng City, Jiangsu Province",32.52,120.49,1051,14.6,,NH_4NO_3,50,1,,301,single,45.376,1.832,9,,,,,,
A,10,2018,Zhang Ling,"Yancheng City, Jiangsu Province",32.52,120.49,1051,14.6,,NH_4NO_3,50,5,,301,single,47.666,0.917,9,,,,,,
A,10,2018,Zhang Ling,"Yancheng City, Jiangsu Province",32.52,120.49,1051,14.6,,NH_4NO_3,100,0.01,,301,single,43.3846,0.923,9,,,,,,
A,10,2018,Zhang Ling,"Yancheng City, Jiangsu Province",32.52,120.49,1051,14.6,,NH_4NO_3,100,1,,301,single,46.1538,1.846,9,,,,,,
A,10,2018,Zhang Ling,"Yancheng City, Jiangsu Province",32.52,120.49,1051,14.6,,NH_4NO_3,100,5,,301,single,48.9231,0.923,9,,,,,,
A,10,2018,Zhang Ling,"Yancheng City, Jiangsu Province",32.52,120.49,1051,14.6,,NH_4NO_3,150,0.01,,301,single,45.2308,1.846,9,,,,,,
A,10,2018,Zhang Ling,"Yancheng City, Jiangsu Province",32.52,120.49,1051,14.6,,NH_4NO_3,150,1,,301,single,47.5385,1.846,9,,,,,,
A,10,2018,Zhang Ling,"Yancheng City, Jiangsu Province",32.52,120.49,1051,14.6,,NH_4NO_3,150,5,,301,single,50.3077,0.923,9,,,,,,
A,10,2018,Zhang Ling,"Yancheng City, Jiangsu Province",32.52,120.49,1051,14.6,,NH_4NO_3,300,0.01,,301,single,45.1935,1.862,9,,,,,,
A,10,2018,Zhang Ling,"Yancheng City, Jiangsu Province",32.52,120.49,1051,14.6,,NH_4NO_3,300,1,,301,single,45.6567,0.928,9,,,,,,
A,10,2018,Zhang Ling,"Yancheng City, Jiangsu Province",32.52,120.49,1051,14.6,,NH_4NO_3,300,5,,301,single,47.5171,1.397,9,,,,,,
A,10,2018,Zhang Ling,"Yancheng City, Jiangsu Province",32.52,120.49,1051,14.6,,NH_4NO_3,0,0.01,,365,single,47.8965,0.916,9,,,,,,
A,10,2018,Zhang Ling,"Yancheng City, Jiangsu Province",32.52,120.49,1051,14.6,,NH_4NO_3,0,1,,365,single,49.2713,0.915,9,,,,,,
A,10,2018,Zhang Ling,"Yancheng City, Jiangsu Province",32.52,120.49,1051,14.6,,NH_4NO_3,0,5,,365,single,51.1026,0.916,9,,,,,,
A,10,2018,Zhang Ling,"Yancheng City, Jiangsu Province",32.52,120.49,1051,14.6,,NH_4NO_3,50,0.01,,365,single,45.8015,1.832,9,,,,,,
A,10,2018,Zhang Ling,"Yancheng City, Jiangsu Province",32.52,120.49,1051,14.6,,NH_4NO_3,50,1,,365,single,48.5496,1.374,9,,,,,,
A,10,2018,Zhang Ling,"Yancheng City, Jiangsu Province",32.52,120.49,1051,14.6,,NH_4NO_3,50,5,,365,single,51.2977,0.916,9,,,,,,
A,10,2018,Zhang Ling,"Yancheng City, Jiangsu Province",32.52,120.49,1051,14.6,,NH_4NO_3,100,0.01,,365,single,47.5385,1.385,9,,,,,,
A,10,2018,Zhang Ling,"Yancheng City, Jiangsu Province",32.52,120.49,1051,14.6,,NH_4NO_3,100,1,,365,single,49.8462,1.385,9,,,,,,
A,10,2018,Zhang Ling,"Yancheng City, Jiangsu Province",32.52,120.49,1051,14.6,,NH_4NO_3,100,5,,365,single,52.6154,0.462,9,,,,,,
A,10,2018,Zhang Ling,"Yancheng City, Jiangsu Province",32.52,120.49,1051,14.6,,NH_4NO_3,150,0.01,,365,single,48.4615,2.308,9,,,,,,
A,10,2018,Zhang Ling,"Yancheng City, Jiangsu Province",32.52,120.49,1051,14.6,,NH_4NO_3,150,1,,365,single,51.6923,0.923,9,,,,,,
A,10,2018,Zhang Ling,"Yancheng City, Jiangsu Province",32.52,120.49,1051,14.6,,NH_4NO_3,150,5,,365,single,53.5385,0.923,9,,,,,,
A,10,2018,Zhang Ling,"Yancheng City, Jiangsu Province",32.52,120.49,1051,14.6,,NH_4NO_3,300,0.01,,365,single,46.5097,2.326,9,,,,,,
A,10,2018,Zhang Ling,"Yancheng City, Jiangsu Province",32.52,120.49,1051,14.6,,NH_4NO_3,300,1,,365,single,49.3004,1.395,9,,,,,,
A,10,2018,Zhang Ling,"Yancheng City, Jiangsu Province",32.52,120.49,1051,14.6,,NH_4NO_3,300,5,,365,single,51.1609,0.93,9,,,,,,
A,11,2012,Ge Xiaogai,Yichang of Hubei Province,28.31,105.5,1125,16.9,500,NH_4NO_3,0,0.05,,90,single,5.546,0.303,36,,,,,,
A,11,2012,Ge Xiaogai,Yichang of Hubei Province,28.31,105.5,1125,16.9,500,NH_4NO_3,0,1,,90,single,8.002,0.183,36,,,,,,
A,11,2012,Ge Xiaogai,Yichang of Hubei Province,28.31,105.5,1125,16.9,500,NH_4NO_3,0,5,,90,single,10.739,0.685,36,,,,,,
A,11,2012,Ge Xiaogai,Yichang of Hubei Province,28.31,105.5,1125,16.9,500,NH_4NO_3,50,0.05,,90,single,6.315,0.356,36,,,,,,
A,11,2012,Ge Xiaogai,Yichang of Hubei Province,28.31,105.5,1125,16.9,500,NH_4NO_3,50,1,,90,single,8.536,0.352,36,,,,,,
A,11,2012,Ge Xiaogai,Yichang of Hubei Province,28.31,105.5,1125,16.9,500,NH_4NO_3,50,5,,90,single,11.292,0.727,36,,,,,,
A,11,2012,Ge Xiaogai,Yichang of Hubei Province,28.31,105.5,1125,16.9,500,NH_4NO_3,100,0.05,,90,single,6,0.194,36,,,,,,
A,11,2012,Ge Xiaogai,Yichang of Hubei Province,28.31,105.5,1125,16.9,500,NH_4NO_3,100,1,,90,single,7.227,0.248,36,,,,,,
A,11,2012,Ge Xiaogai,Yichang of Hubei Province,28.31,105.5,1125,16.9,500,NH_4NO_3,100,5,,90,single,11.228,0.673,36,,,,,,
A,11,2012,Ge Xiaogai,Yichang of Hubei Province,28.31,105.5,1125,16.9,500,NH_4NO_3,150,0.05,,90,single,6.548,0.296,36,,,,,,
A,11,2012,Ge Xiaogai,Yichang of Hubei Province,28.31,105.5,1125,16.9,500,NH_4NO_3,150,1,,90,single,10.105,0.464,36,,,,,,
A,11,2012,Ge Xiaogai,Yichang of Hubei Province,28.31,105.5,1125,16.9,500,NH_4NO_3,150,5,,90,single,13.996,0.858,36,,,,,,
A,11,2012,Ge Xiaogai,Yichang of Hubei Province,28.31,105.5,1125,16.9,500,NH_4NO_3,0,0.05,,180,single,8.323,0.257,36,,,,,,
A,11,2012,Ge Xiaogai,Yichang of Hubei Province,28.31,105.5,1125,16.9,500,NH_4NO_3,0,1,,180,single,12.095,0.299,36,,,,,,
A,11,2012,Ge Xiaogai,Yichang of Hubei Province,28.31,105.5,1125,16.9,500,NH_4NO_3,0,5,,180,single,16.845,0.887,36,,,,,,
A,11,2012,Ge Xiaogai,Yichang of Hubei Province,28.31,105.5,1125,16.9,500,NH_4NO_3,50,0.05,,180,single,7.438,0.401,36,,,,,,
A,11,2012,Ge Xiaogai,Yichang of Hubei Province,28.31,105.5,1125,16.9,500,NH_4NO_3,50,1,,180,single,13.433,0.33,36,,,,,,
A,11,2012,Ge Xiaogai,Yichang of Hubei Province,28.31,105.5,1125,16.9,500,NH_4NO_3,50,5,,180,single,17.207,0.539,36,,,,,,
A,11,2012,Ge Xiaogai,Yichang of Hubei Province,28.31,105.5,1125,16.9,500,NH_4NO_3,100,0.05,,180,single,7.988,0.394,36,,,,,,
A,11,2012,Ge Xiaogai,Yichang of Hubei Province,28.31,105.5,1125,16.9,500,NH_4NO_3,100,1,,180,single,15.453,0.36,36,,,,,,
A,11,2012,Ge Xiaogai,Yichang of Hubei Province,28.31,105.5,1125,16.9,500,NH_4NO_3,100,5,,180,single,20.037,0.477,36,,,,,,
A,11,2012,Ge Xiaogai,Yichang of Hubei Province,28.31,105.5,1125,16.9,500,NH_4NO_3,150,0.05,,180,single,9.309,0.405,36,,,,,,
A,11,2012,Ge Xiaogai,Yichang of Hubei Province,28.31,105.5,1125,16.9,500,NH_4NO_3,150,1,,180,single,15.004,0.38,36,,,,,,
A,11,2012,Ge Xiaogai,Yichang of Hubei Province,28.31,105.5,1125,16.9,500,NH_4NO_3,150,5,,180,single,20.128,0.707,36,,,,,,
A,11,2012,Ge Xiaogai,Yichang of Hubei Province,28.31,105.5,1125,16.9,500,NH_4NO_3,0,0.05,,270,single,11.649,0.314,36,,,,,,
A,11,2012,Ge Xiaogai,Yichang of Hubei Province,28.31,105.5,1125,16.9,500,NH_4NO_3,0,1,,270,single,15.782,0.417,36,,,,,,
A,11,2012,Ge Xiaogai,Yichang of Hubei Province,28.31,105.5,1125,16.9,500,NH_4NO_3,0,5,,270,single,21.64,0.807,36,,,,,,
A,11,2012,Ge Xiaogai,Yichang of Hubei Province,28.31,105.5,1125,16.9,500,NH_4NO_3,50,0.05,,270,single,10.091,0.351,36,,,,,,
A,11,2012,Ge Xiaogai,Yichang of Hubei Province,28.31,105.5,1125,16.9,500,NH_4NO_3,50,1,,270,single,16.33,0.234,36,,,,,,
A,11,2012,Ge Xiaogai,Yichang of Hubei Province,28.31,105.5,1125,16.9,500,NH_4NO_3,50,5,,270,single,23.16,1.377,36,,,,,,
A,11,2012,Ge Xiaogai,Yichang of Hubei Province,28.31,105.5,1125,16.9,500,NH_4NO_3,100,0.05,,270,single,11.642,0.392,36,,,,,,
A,11,2012,Ge Xiaogai,Yichang of Hubei Province,28.31,105.5,1125,16.9,500,NH_4NO_3,100,1,,270,single,17.133,0.293,36,,,,,,
A,11,2012,Ge Xiaogai,Yichang of Hubei Province,28.31,105.5,1125,16.9,500,NH_4NO_3,100,5,,270,single,26.369,0.827,36,,,,,,
A,11,2012,Ge Xiaogai,Yichang of Hubei Province,28.31,105.5,1125,16.9,500,NH_4NO_3,150,0.05,,270,single,11.398,0.626,36,,,,,,
A,11,2012,Ge Xiaogai,Yichang of Hubei Province,28.31,105.5,1125,16.9,500,NH_4NO_3,150,1,,270,single,16.2,0.685,36,,,,,,
A,11,2012,Ge Xiaogai,Yichang of Hubei Province,28.31,105.5,1125,16.9,500,NH_4NO_3,150,5,,270,single,23.776,0.929,36,,,,,,
A,11,2012,Ge Xiaogai,Yichang of Hubei Province,28.31,105.5,1125,16.9,500,NH_4NO_3,0,0.05,,360,single,18.644,0.358,36,,,,,,
A,11,2012,Ge Xiaogai,Yichang of Hubei Province,28.31,105.5,1125,16.9,500,NH_4NO_3,0,1,,360,single,25.693,0.58,36,,,,,,
A,11,2012,Ge Xiaogai,Yichang of Hubei Province,28.31,105.5,1125,16.9,500,NH_4NO_3,0,5,,360,single,34.649,0.579,36,,,,,,
A,11,2012,Ge Xiaogai,Yichang of Hubei Province,28.31,105.5,1125,16.9,500,NH_4NO_3,50,0.05,,360,single,18.088,0.412,36,,,,,,
A,11,2012,Ge Xiaogai,Yichang of Hubei Province,28.31,105.5,1125,16.9,500,NH_4NO_3,50,1,,360,single,24.892,0.237,36,,,,,,
A,11,2012,Ge Xiaogai,Yichang of Hubei Province,28.31,105.5,1125,16.9,500,NH_4NO_3,50,5,,360,single,33.523,0.894,36,,,,,,
A,11,2012,Ge Xiaogai,Yichang of Hubei Province,28.31,105.5,1125,16.9,500,NH_4NO_3,100,0.05,,360,single,17.326,0.33,36,,,,,,
A,11,2012,Ge Xiaogai,Yichang of Hubei Province,28.31,105.5,1125,16.9,500,NH_4NO_3,100,1,,360,single,27.622,0.625,36,,,,,,
A,11,2012,Ge Xiaogai,Yichang of Hubei Province,28.31,105.5,1125,16.9,500,NH_4NO_3,100,5,,360,single,36.614,0.677,36,,,,,,
A,11,2012,Ge Xiaogai,Yichang of Hubei Province,28.31,105.5,1125,16.9,500,NH_4NO_3,150,0.05,,360,single,17.746,0.63,36,,,,,,
A,11,2012,Ge Xiaogai,Yichang of Hubei Province,28.31,105.5,1125,16.9,500,NH_4NO_3,150,1,,360,single,30.8,0.893,36,,,,,,
A,11,2012,Ge Xiaogai,Yichang of Hubei Province,28.31,105.5,1125,16.9,500,NH_4NO_3,150,5,,360,single,37.111,1.291,36,,,,,,
A,11,2012,Ge Xiaogai,Yichang of Hubei Province,28.31,105.5,1125,16.9,500,NH_4NO_3,0,0.05,,450,single,22.199,0.416,36,,,,,,
A,11,2012,Ge Xiaogai,Yichang of Hubei Province,28.31,105.5,1125,16.9,500,NH_4NO_3,0,1,,450,single,35.751,0.487,36,,,,,,
A,11,2012,Ge Xiaogai,Yichang of Hubei Province,28.31,105.5,1125,16.9,500,NH_4NO_3,0,5,,450,single,39.53,0.437,36,,,,,,
A,11,2012,Ge Xiaogai,Yichang of Hubei Province,28.31,105.5,1125,16.9,500,NH_4NO_3,50,0.05,,450,single,22.194,0.491,36,,,,,,
A,11,2012,Ge Xiaogai,Yichang of Hubei Province,28.31,105.5,1125,16.9,500,NH_4NO_3,50,1,,450,single,33.895,0.249,36,,,,,,
A,11,2012,Ge Xiaogai,Yichang of Hubei Province,28.31,105.5,1125,16.9,500,NH_4NO_3,50,5,,450,single,39.322,0.723,36,,,,,,
A,11,2012,Ge Xiaogai,Yichang of Hubei Province,28.31,105.5,1125,16.9,500,NH_4NO_3,100,0.05,,450,single,24.98,0.302,36,,,,,,
A,11,2012,Ge Xiaogai,Yichang of Hubei Province,28.31,105.5,1125,16.9,500,NH_4NO_3,100,1,,450,single,35.161,0.174,36,,,,,,
A,11,2012,Ge Xiaogai,Yichang of Hubei Province,28.31,105.5,1125,16.9,500,NH_4NO_3,100,5,,450,single,38.61,0.615,36,,,,,,
A,11,2012,Ge Xiaogai,Yichang of Hubei Province,28.31,105.5,1125,16.9,500,NH_4NO_3,150,0.05,,450,single,24.431,0.397,36,,,,,,
A,11,2012,Ge Xiaogai,Yichang of Hubei Province,28.31,105.5,1125,16.9,500,NH_4NO_3,150,1,,450,single,36.029,0.399,36,,,,,,
A,11,2012,Ge Xiaogai,Yichang of Hubei Province,28.31,105.5,1125,16.9,500,NH_4NO_3,150,5,,450,single,42.368,0.678,36,,,,,,
A,11,2012,Ge Xiaogai,Yichang of Hubei Province,28.31,105.5,1125,16.9,500,NH_4NO_3,0,0.05,,540,single,27.093,0.737,36,,,,,,
A,11,2012,Ge Xiaogai,Yichang of Hubei Province,28.31,105.5,1125,16.9,500,NH_4NO_3,0,1,,540,single,38.425,0.38,36,,,,,,
A,11,2012,Ge Xiaogai,Yichang of Hubei Province,28.31,105.5,1125,16.9,500,NH_4NO_3,0,5,,540,single,43.993,0.247,36,,,,,,
A,11,2012,Ge Xiaogai,Yichang of Hubei Province,28.31,105.5,1125,16.9,500,NH_4NO_3,50,0.05,,540,single,26.101,0.394,36,,,,,,
A,11,2012,Ge Xiaogai,Yichang of Hubei Province,28.31,105.5,1125,16.9,500,NH_4NO_3,50,1,,540,single,41.219,0.23,36,,,,,,
A,11,2012,Ge Xiaogai,Yichang of Hubei Province,28.31,105.5,1125,16.9,500,NH_4NO_3,50,5,,540,single,43.765,0.41,36,,,,,,
A,11,2012,Ge Xiaogai,Yichang of Hubei Province,28.31,105.5,1125,16.9,500,NH_4NO_3,100,0.05,,540,single,28.448,0.395,36,,,,,,
A,11,2012,Ge Xiaogai,Yichang of Hubei Province,28.31,105.5,1125,16.9,500,NH_4NO_3,100,1,,540,single,38.948,0.398,36,,,,,,
A,11,2012,Ge Xiaogai,Yichang of Hubei Province,28.31,105.5,1125,16.9,500,NH_4NO_3,100,5,,540,single,43.961,0.565,36,,,,,,
A,11,2012,Ge Xiaogai,Yichang of Hubei Province,28.31,105.5,1125,16.9,500,NH_4NO_3,150,0.05,,540,single,26.769,0.398,36,,,,,,
A,11,2012,Ge Xiaogai,Yichang of Hubei Province,28.31,105.5,1125,16.9,500,NH_4NO_3,150,1,,540,single,43.601,0.679,36,,,,,,
A,11,2012,Ge Xiaogai,Yichang of Hubei Province,28.31,105.5,1125,16.9,500,NH_4NO_3,150,5,,540,single,45.719,0.323,36,,,,,,
A,12,2011,Sabine Flury,Switzerland ,46.54,6.54,5000,9.6,449,C_a(NO_3)_2,0,0.5,,33,single,22.83,0.784,12,,,,,,
A,12,2011,Sabine Flury,Switzerland ,46.54,6.54,5000,9.6,449,C_a(NO_3)_2,0,9,,33,single,24.313,0.822,12,,,,,,
A,12,2011,Sabine Flury,Switzerland ,46.54,6.54,5000,9.6,449,C_a(NO_3)_2,107,0.5,,33,single,21.088,0.793,8,,,,,,
A,12,2011,Sabine Flury,Switzerland ,46.54,6.54,5000,9.6,449,C_a(NO_3)_2,107,9,,33,single,21.286,3.155,8,,,,,,
A,12,2011,Sabine Flury,Switzerland ,46.54,6.54,5000,9.6,449,C_a(NO_3)_2,0,0.5,,70,single,28.904,0.949,13,,,,,,
A,12,2011,Sabine Flury,Switzerland ,46.54,6.54,5000,9.6,449,C_a(NO_3)_2,0,9,,70,single,31.626,1.069,13,,,,,,
A,12,2011,Sabine Flury,Switzerland ,46.54,6.54,5000,9.6,449,C_a(NO_3)_2,107,0.5,,70,single,27.252,0.728,8,,,,,,
A,12,2011,Sabine Flury,Switzerland ,46.54,6.54,5000,9.6,449,C_a(NO_3)_2,107,9,,70,single,28.183,1.171,8,,,,,,
A,12,2011,Sabine Flury,Switzerland ,46.54,6.54,5000,9.6,449,C_a(NO_3)_2,0,0.5,,104,single,32.237,0.914,12,,,,,,
A,12,2011,Sabine Flury,Switzerland ,46.54,6.54,5000,9.6,449,C_a(NO_3)_2,0,9,,104,single,35.633,4.483,12,,,,,,
A,12,2011,Sabine Flury,Switzerland ,46.54,6.54,5000,9.6,449,C_a(NO_3)_2,107,0.5,,104,single,28.841,0.89,8,,,,,,
A,12,2011,Sabine Flury,Switzerland ,46.54,6.54,5000,9.6,449,C_a(NO_3)_2,107,9,,104,single,31.733,0.784,8,,,,,,
A,12,2011,Sabine Flury,Switzerland ,46.54,6.54,5000,9.6,449,C_a(NO_3)_2,0,0.5,,132,single,36.134,3.14,12,,,,,,
A,12,2011,Sabine Flury,Switzerland ,46.54,6.54,5000,9.6,449,C_a(NO_3)_2,0,9,,132,single,44.627,1.663,12,,,,,,
A,12,2011,Sabine Flury,Switzerland ,46.54,6.54,5000,9.6,449,C_a(NO_3)_2,107,0.5,,132,single,30.11,0.976,8,,,,,,
A,12,2011,Sabine Flury,Switzerland ,46.54,6.54,5000,9.6,449,C_a(NO_3)_2,107,9,,132,single,36.071,1.062,8,,,,,,
A,12,2011,Sabine Flury,Switzerland ,46.54,6.54,5000,9.6,449,C_a(NO_3)_2,0,0.5,,139,single,35.061,0.942,12,,,,,,
A,12,2011,Sabine Flury,Switzerland ,46.54,6.54,5000,9.6,449,C_a(NO_3)_2,0,9,,139,single,46.943,3.497,12,,,,,,
A,12,2011,Sabine Flury,Switzerland ,46.54,6.54,5000,9.6,449,C_a(NO_3)_2,107,0.5,,139,single,31.303,1.263,8,,,,,,
A,12,2011,Sabine Flury,Switzerland ,46.54,6.54,5000,9.6,449,C_a(NO_3)_2,107,9,,139,single,37.718,1.965,8,,,,,,
A,12,2011,Sabine Flury,Switzerland ,46.54,6.54,5000,9.6,449,C_a(NO_3)_2,0,0.5,,159,single,38.057,1.038,12,,,,,,
A,12,2011,Sabine Flury,Switzerland ,46.54,6.54,5000,9.6,449,C_a(NO_3)_2,0,9,,159,single,55.552,4.067,12,,,,,,
A,12,2011,Sabine Flury,Switzerland ,46.54,6.54,5000,9.6,449,C_a(NO_3)_2,107,0.5,,159,single,34.619,1.29,8,,,,,,
A,12,2011,Sabine Flury,Switzerland ,46.54,6.54,5000,9.6,449,C_a(NO_3)_2,107,9,,159,single,45.337,2.715,8,,,,,,
A,12,2011,Sabine Flury,Switzerland ,46.54,6.54,5000,9.6,449,C_a(NO_3)_2,0,0.5,,188,single,46.574,2.457,12,,,,,,
A,12,2011,Sabine Flury,Switzerland ,46.54,6.54,5000,9.6,449,C_a(NO_3)_2,0,9,,188,single,65.844,5.022,12,,,,,,
A,12,2011,Sabine Flury,Switzerland ,46.54,6.54,5000,9.6,449,C_a(NO_3)_2,107,0.5,,188,single,39.135,1.09,8,,,,,,
A,12,2011,Sabine Flury,Switzerland ,46.54,6.54,5000,9.6,449,C_a(NO_3)_2,107,9,,188,single,54.447,3.09,8,,,,,,
A,12,2011,Sabine Flury,Switzerland ,46.54,6.54,5000,9.6,449,C_a(NO_3)_2,0,0.5,,222,single,58.538,1.624,24,,,,,,
A,12,2011,Sabine Flury,Switzerland ,46.54,6.54,5000,9.6,449,C_a(NO_3)_2,0,9,,222,single,81.687,2.664,24,,,,,,
A,12,2011,Sabine Flury,Switzerland ,46.54,6.54,5000,9.6,449,C_a(NO_3)_2,107,0.5,,222,single,51.825,1.005,16,,,,,,
A,12,2011,Sabine Flury,Switzerland ,46.54,6.54,5000,9.6,449,C_a(NO_3)_2,107,9,,222,single,70.623,2.178,16,,,,,,
A,12,2011,Sabine Flury,Switzerland ,46.54,6.54,5000,9.6,449,C_a(NO_3)_2,0,0.5,,252,single,67.99,3.361,12,,,,,,
A,12,2011,Sabine Flury,Switzerland ,46.54,6.54,5000,9.6,449,C_a(NO_3)_2,0,9,,252,single,88.322,3.672,12,,,,,,
A,12,2011,Sabine Flury,Switzerland ,46.54,6.54,5000,9.6,449,C_a(NO_3)_2,107,0.5,,252,single,58.518,3.502,8,,,,,,
A,12,2011,Sabine Flury,Switzerland ,46.54,6.54,5000,9.6,449,C_a(NO_3)_2,107,9,,252,single,82.393,3.702,8,,,,,,
A,12,2011,Sabine Flury,Switzerland ,46.54,6.54,5000,9.6,449,C_a(NO_3)_2,0,0.5,,307,single,83.496,4.129,11,,,,,,
A,12,2011,Sabine Flury,Switzerland ,46.54,6.54,5000,9.6,449,C_a(NO_3)_2,0,9,,307,single,96.254,1.727,11,,,,,,
A,12,2011,Sabine Flury,Switzerland ,46.54,6.54,5000,9.6,449,C_a(NO_3)_2,107,0.5,,307,single,73.843,5.721,8,,,,,,
A,12,2011,Sabine Flury,Switzerland ,46.54,6.54,5000,9.6,449,C_a(NO_3)_2,107,9,,307,single,89.983,4.736,8,,,,,,
A,13,2024,Alexander R. Young,"Hampshire, USA",44,-71,1300,10.3305,,NH_4NO_3,0,0.063,,205,mixture,19.567,0.952,23,,,,,,
A,13,2024,Alexander R. Young,"Hampshire, USA",44,-71,1300,10.3305,,NH_4NO_3,0,2,,205,mixture,15.14,0.96,25,,,,,,
A,13,2024,Alexander R. Young,"Hampshire, USA",44,-71,1300,10.3305,,NH_4NO_3,30,0.063,,205,mixture,18.521,1.012,24,,,,,,
A,13,2024,Alexander R. Young,"Hampshire, USA",44,-71,1300,10.3305,,NH_4NO_3,30,2,,205,mixture,17.561,1.247,24,,,,,,
A,13,2024,Alexander R. Young,"Hampshire, USA",44,-71,1300,10.3305,,NH_4NO_3,0,0.063,,338,mixture,36.895,1.821,25,,,,,,
A,13,2024,Alexander R. Young,"Hampshire, USA",44,-71,1300,10.3305,,NH_4NO_3,0,2,,338,mixture,31.18,1.293,23,,,,,,
A,13,2024,Alexander R. Young,"Hampshire, USA",44,-71,1300,10.3305,,NH_4NO_3,30,0.063,,338,mixture,36.568,1.37,24,,,,,,
A,13,2024,Alexander R. Young,"Hampshire, USA",44,-71,1300,10.3305,,NH_4NO_3,30,2,,338,mixture,31.766,1.81,24,,,,,,
A,13,2024,Alexander R. Young,"Hampshire, USA",44,-71,1300,10.3305,,NH_4NO_3,0,0.063,,704,mixture,53.298,1.535,11,,,,,,
A,13,2024,Alexander R. Young,"Hampshire, USA",44,-71,1300,10.3305,,NH_4NO_3,0,2,,704,mixture,44.419,3.385,12,,,,,,
A,13,2024,Alexander R. Young,"Hampshire, USA",44,-71,1300,10.3305,,NH_4NO_3,30,0.063,,704,mixture,52.612,1.295,32,,,,,,
A,13,2024,Alexander R. Young,"Hampshire, USA",44,-71,1300,10.3305,,NH_4NO_3,30,2,,704,mixture,47.82,1.923,30,,,,,,
A,14,2015,Yanyan Jia,,,,,,,NH_4NO_3,0,,Fauna absent,30,single,8.75,0.971,8,,,,,,
A,14,2015,Yanyan Jia,,,,,,,NH_4NO_3,0,,Fauna present,30,single,13.182,0.356,8,,,,,,
A,14,2015,Yanyan Jia,,,,,,,NH_4NO_3,47,,Fauna absent,30,single,9.773,0.866,8,,,,,,
A,14,2015,Yanyan Jia,,,,,,,NH_4NO_3,47,,Fauna present,30,single,11.591,0.515,8,,,,,,
A,14,2015,Yanyan Jia,,,,,,,NH_4NO_3,0,,Fauna absent,60,single,13.296,0.974,8,,,,,,
A,14,2015,Yanyan Jia,,,,,,,NH_4NO_3,0,,Fauna present,60,single,20.455,0.607,8,,,,,,
A,14,2015,Yanyan Jia,,,,,,,NH_4NO_3,47,,Fauna absent,60,single,16.364,0.422,8,,,,,,
A,14,2015,Yanyan Jia,,,,,,,NH_4NO_3,47,,Fauna present,60,single,17.728,0.552,8,,,,,,
A,14,2015,Yanyan Jia,,,,,,,NH_4NO_3,0,,Fauna absent,90,single,19.546,0.618,8,,,,,,
A,14,2015,Yanyan Jia,,,,,,,NH_4NO_3,0,,Fauna present,90,single,23.977,0.611,8,,,,,,
A,14,2015,Yanyan Jia,,,,,,,NH_4NO_3,47,,Fauna absent,90,single,20.682,0.581,8,,,,,,
A,14,2015,Yanyan Jia,,,,,,,NH_4NO_3,47,,Fauna present,90,single,24.659,0.363,8,,,,,,
A,14,2015,Yanyan Jia,,,,,,,NH_4NO_3,0,,Fauna absent,120,single,24.546,0.789,8,,,,,,
A,14,2015,Yanyan Jia,,,,,,,NH_4NO_3,0,,Fauna present,120,single,30.909,1.577,8,,,,,,
A,14,2015,Yanyan Jia,,,,,,,NH_4NO_3,47,,Fauna absent,120,single,24.432,0.503,8,,,,,,
A,14,2015,Yanyan Jia,,,,,,,NH_4NO_3,47,,Fauna present,120,single,28.637,1.4,8,,,,,,
A,14,2015,Yanyan Jia,,,,,,,NH_4NO_3,0,,Fauna absent,150,single,27.728,0.988,8,,,,,,
A,14,2015,Yanyan Jia,,,,,,,NH_4NO_3,0,,Fauna present,150,single,37.387,1.979,8,,,,,,
A,14,2015,Yanyan Jia,,,,,,,NH_4NO_3,47,,Fauna absent,150,single,29.091,1.064,8,,,,,,
A,14,2015,Yanyan Jia,,,,,,,NH_4NO_3,47,,Fauna present,150,single,33.068,2.018,8,,,,,,
A,14,2015,Yanyan Jia,,,,,,,NH_4NO_3,0,,Fauna absent,180,single,33.41,1.371,8,,,,,,
A,14,2015,Yanyan Jia,,,,,,,NH_4NO_3,0,,Fauna present,180,single,40.569,1.849,8,,,,,,
A,14,2015,Yanyan Jia,,,,,,,NH_4NO_3,47,,Fauna absent,180,single,35.796,1.427,8,,,,,,
A,14,2015,Yanyan Jia,,,,,,,NH_4NO_3,47,,Fauna present,180,single,38.409,1.584,8,,,,,,
B,15,2023,Shixing Zhou,Ya¡¯an city,30.03,102.59,1730,16.2,1170,NH_4NO_3,0,3,,60,mixture,9.931,0.42,3,1639.15,67.279,3,1.528,0.102,3
B,15,2023,Shixing Zhou,Ya¡¯an city,30.03,102.59,1730,16.2,1170,NH_4NO_3,150,3,,60,mixture,3.633,1.958,3,1468.26,116.654,3,1.53,0.065,3
B,15,2023,Shixing Zhou,Ya¡¯an city,30.03,102.59,1730,16.2,1170,NH_4NO_3,0,3,,120,mixture,13.564,0.839,3,1065.06,89.691,3,1.97,0.033,3
B,15,2023,Shixing Zhou,Ya¡¯an city,30.03,102.59,1730,16.2,1170,NH_4NO_3,150,3,,120,mixture,7.509,1.119,3,738.847,121.056,3,1.772,0.096,3
B,15,2023,Shixing Zhou,Ya¡¯an city,30.03,102.59,1730,16.2,1170,NH_4NO_3,0,3,,180,mixture,18.166,1.119,3,1562.79,179.371,3,1.985,0.132,3
B,15,2023,Shixing Zhou,Ya¡¯an city,30.03,102.59,1730,16.2,1170,NH_4NO_3,150,3,,180,mixture,16.713,0.839,3,1209.3,127.742,3,1.736,0.066,3
B,15,2023,Shixing Zhou,Ya¡¯an city,30.03,102.59,1730,16.2,1170,NH_4NO_3,0,3,,240,mixture,28.097,5.282,3,1485.77,174.885,3,1.435,0.045,3
B,15,2023,Shixing Zhou,Ya¡¯an city,30.03,102.59,1730,16.2,1170,NH_4NO_3,150,3,,240,mixture,22.768,0.699,3,1245.01,98.663,3,1.518,0.117,3
B,15,2023,Shixing Zhou,Ya¡¯an city,30.03,102.59,1730,16.2,1170,NH_4NO_3,0,3,,300,mixture,42.63,1.77,3,1144.67,130.048,3,1.789,0.116,3
B,15,2023,Shixing Zhou,Ya¡¯an city,30.03,102.59,1730,16.2,1170,NH_4NO_3,150,3,,300,mixture,36.332,0.979,3,919.429,210.735,3,1.523,0.054,3
B,15,2023,Shixing Zhou,Ya¡¯an city,30.03,102.59,1730,16.2,1170,NH_4NO_3,0,3,,360,mixture,45.052,1.259,3,1145.34,85.211,3,1.471,0.042,3
B,15,2023,Shixing Zhou,Ya¡¯an city,30.03,102.59,1730,16.2,1170,NH_4NO_3,150,3,,360,mixture,38.754,1.398,3,1059.85,130.009,3,1.518,0.102,3
B,15,2023,Shixing Zhou,Ya¡¯an city,30.03,102.59,1730,16.2,1170,NH_4NO_3,0,3,,420,mixture,46.747,2.237,3,1534.33,80.714,3,1.512,0.093,3
B,15,2023,Shixing Zhou,Ya¡¯an city,30.03,102.59,1730,16.2,1170,NH_4NO_3,150,3,,420,mixture,42.388,0.699,3,1355.67,130.008,3,1.518,0.03,3
B,15,2023,Shixing Zhou,Ya¡¯an city,30.03,102.59,1730,16.2,1170,NH_4NO_3,0,3,,480,mixture,49.654,1.678,3,635.659,57.352,3,1.753,0.152,3
B,15,2023,Shixing Zhou,Ya¡¯an city,30.03,102.59,1730,16.2,1170,NH_4NO_3,150,3,,480,mixture,43.599,1.259,3,362.161,49.327,3,1.302,0.116,3
B,15,2023,Shixing Zhou,Ya¡¯an city,30.03,102.59,1730,16.2,1170,NH_4NO_3,0,3,,540,mixture,52.076,1.538,3,1038.76,233.059,3,0.82,0.073,3
B,15,2023,Shixing Zhou,Ya¡¯an city,30.03,102.59,1730,16.2,1170,NH_4NO_3,150,3,,540,mixture,46.747,0.699,3,821.044,94.151,3,0.726,0.065,3
B,15,2023,Shixing Zhou,Ya¡¯an city,30.03,102.59,1730,16.2,1170,NH_4NO_3,0,3,,600,mixture,53.772,1.678,3,611.99,98.673,3,1.117,0.051,3
B,15,2023,Shixing Zhou,Ya¡¯an city,30.03,102.59,1730,16.2,1170,NH_4NO_3,150,3,,600,mixture,49.654,1.119,3,472.175,62.78,3,0.835,0.14,3
B,15,2023,Shixing Zhou,Ya¡¯an city,30.03,102.59,1730,16.2,1170,NH_4NO_3,0,3,,660,mixture,56.678,1.119,3,1008.77,152.496,3,1.117,0.12,3
B,15,2023,Shixing Zhou,Ya¡¯an city,30.03,102.59,1730,16.2,1170,NH_4NO_3,150,3,,660,mixture,52.318,0.839,3,620.401,67.27,3,0.726,0.065,3
B,15,2023,Shixing Zhou,Ya¡¯an city,30.03,102.59,1730,16.2,1170,NH_4NO_3,0,3,,720,mixture,59.585,1.119,3,450.172,94.219,3,0.78,0.096,3
B,15,2023,Shixing Zhou,Ya¡¯an city,30.03,102.59,1730,16.2,1170,NH_4NO_3,150,3,,720,mixture,55.952,0.979,3,372.093,35.631,3,1.255,0.122,3
B,16,2021,Liehua Tie,Sichuan,29.4,102.9,1700,16.7,970,NH_4NO_3,0,3,,90,mixture,15.982,0.377,18,1090.275,14.655,18,1.061,0.022,18
B,16,2021,Liehua Tie,Sichuan,29.4,102.9,1700,16.7,970,NH_4NO_3,100,3,,90,mixture,11.82,0.526,18,1244.375,21.985,18,0.936,0.011,18
B,16,2021,Liehua Tie,Sichuan,29.4,102.9,1700,16.7,970,NH_4NO_3,200,3,,90,mixture,13.425,0.075,18,871.55,29.315,18,0.779,0.048,18
B,16,2021,Liehua Tie,Sichuan,29.4,102.9,1700,16.7,970,NH_4NO_3,0,3,,180,mixture,29.726,0.151,18,1094.15,14.655,18,1.387,0.007,18
B,16,2021,Liehua Tie,Sichuan,29.4,102.9,1700,16.7,970,NH_4NO_3,100,3,,180,mixture,26.849,0.226,18,688.475,22.003,18,0.902,0.041,18
B,16,2021,Liehua Tie,Sichuan,29.4,102.9,1700,16.7,970,NH_4NO_3,200,3,,180,mixture,21.735,0.377,18,626.675,14.684,18,0.98,0.07,18
B,16,2021,Liehua Tie,Sichuan,29.4,102.9,1700,16.7,970,NH_4NO_3,0,3,,270,mixture,38.675,0.151,18,2435.075,21.991,18,1.744,0.033,18
B,16,2021,Liehua Tie,Sichuan,29.4,102.9,1700,16.7,970,NH_4NO_3,100,3,,270,mixture,35.48,0.377,18,1718.525,43.976,18,1.166,0.041,18
B,16,2021,Liehua Tie,Sichuan,29.4,102.9,1700,16.7,970,NH_4NO_3,200,3,,270,mixture,32.603,0.226,18,1084.15,17.678,18,1.088,0.048,18
B,16,2021,Liehua Tie,Sichuan,29.4,102.9,1700,16.7,970,NH_4NO_3,0,3,,360,mixture,42.192,0.075,18,1288.525,7.301,18,1.273,0.022,18
B,16,2021,Liehua Tie,Sichuan,29.4,102.9,1700,16.7,970,NH_4NO_3,100,3,,360,mixture,40.274,0.151,18,634.1,14.696,18,0.383,0.044,18
B,16,2021,Liehua Tie,Sichuan,29.4,102.9,1700,16.7,970,NH_4NO_3,200,3,,360,mixture,35.799,0.527,18,634.475,14.667,18,0.852,0.04,18
B,16,2021,Liehua Tie,Sichuan,29.4,102.9,1700,16.7,970,NH_4NO_3,0,3,,450,mixture,46.347,0.151,18,1136.925,14.655,18,0.318,0.007,18
B,16,2021,Liehua Tie,Sichuan,29.4,102.9,1700,16.7,970,NH_4NO_3,100,3,,450,mixture,41.872,0.226,18,762.4,21.973,18,0.897,0.018,18
B,16,2021,Liehua Tie,Sichuan,29.4,102.9,1700,16.7,970,NH_4NO_3,200,3,,450,mixture,38.356,0.301,18,669.425,7.354,18,0.803,0.052,18
B,16,2021,Liehua Tie,Sichuan,29.4,102.9,1700,16.7,970,NH_4NO_3,0,3,,540,mixture,50.502,0.452,18,1296.25,21.991,18,0.988,0.044,18
B,16,2021,Liehua Tie,Sichuan,29.4,102.9,1700,16.7,970,NH_4NO_3,100,3,,540,mixture,47.626,0.377,18,921.75,21.973,18,0.598,0.022,18
B,16,2021,Liehua Tie,Sichuan,29.4,102.9,1700,16.7,970,NH_4NO_3,200,3,,540,mixture,44.429,0.452,18,766.65,7.313,18,0.488,0.066,18
B,16,2021,Liehua Tie,Sichuan,29.4,102.9,1700,16.7,970,NH_4NO_3,0,3,,630,mixture,54.338,0.226,18,1953.125,14.643,18,1.299,0.015,18
B,16,2021,Liehua Tie,Sichuan,29.4,102.9,1700,16.7,970,NH_4NO_3,100,3,,630,mixture,51.142,0.226,18,1236.575,36.646,18,0.893,0.07,18
B,16,2021,Liehua Tie,Sichuan,29.4,102.9,1700,16.7,970,NH_4NO_3,200,3,,630,mixture,48.585,0.226,18,1112.55,21.979,18,1.205,0.037,18
B,16,2021,Liehua Tie,Sichuan,29.4,102.9,1700,16.7,970,NH_4NO_3,0,3,,720,mixture,55.616,0.226,18,1055.25,21.985,18,0.688,0.015,18
B,16,2021,Liehua Tie,Sichuan,29.4,102.9,1700,16.7,970,NH_4NO_3,100,3,,720,mixture,53.379,0.301,18,742.875,43.988,18,0.797,0.044,18
B,16,2021,Liehua Tie,Sichuan,29.4,102.9,1700,16.7,970,NH_4NO_3,200,3,,720,mixture,50.502,0.226,18,494.5,29.327,18,0.672,0.018,18
B,17,2017,Hong Lin,nanjingzijinshan,32.5,118.48,1106.5,15.4,447.1,NH_4NO_3,0,2,,60,single,10.197,0.574,12,6268.067,,12,,,
B,17,2017,Hong Lin,nanjingzijinshan,32.5,118.48,1106.5,15.4,447.1,NH_4NO_3,47,2,,60,single,9.534,0.62,12,3372.383,,12,,,
B,17,2017,Hong Lin,nanjingzijinshan,32.5,118.48,1106.5,15.4,447.1,NH_4NO_3,0,2,,120,single,22.285,0.717,12,5971.386,,12,,,
B,17,2017,Hong Lin,nanjingzijinshan,32.5,118.48,1106.5,15.4,447.1,NH_4NO_3,47,2,,120,single,21.52,0.98,12,6015.745,,12,,,
B,17,2017,Hong Lin,nanjingzijinshan,32.5,118.48,1106.5,15.4,447.1,NH_4NO_3,0,2,,180,single,39.843,3.414,12,10294.163,,12,,,
B,17,2017,Hong Lin,nanjingzijinshan,32.5,118.48,1106.5,15.4,447.1,NH_4NO_3,47,2,,180,single,27.456,2.255,12,14393.73,,12,,,
B,17,2017,Hong Lin,nanjingzijinshan,32.5,118.48,1106.5,15.4,447.1,NH_4NO_3,0,2,,240,single,64.467,4.602,12,2724.599,,12,,,
B,17,2017,Hong Lin,nanjingzijinshan,32.5,118.48,1106.5,15.4,447.1,NH_4NO_3,47,2,,240,single,60.577,5.954,12,6840.768,,12,,,
B,17,2017,Hong Lin,nanjingzijinshan,32.5,118.48,1106.5,15.4,447.1,NH_4NO_3,0,2,,300,single,70.642,3.684,12,4381.894,,12,,,
B,17,2017,Hong Lin,nanjingzijinshan,32.5,118.48,1106.5,15.4,447.1,NH_4NO_3,47,2,,300,single,69.878,4.355,12,5237.813,,12,,,
B,18,2021,liu qun,Dujiangyan,31.01,103.37,1240,15.2,896-1320,NH_4NO_3,0,2,,279,single,67.669,1.736,108,529.258,37.434,108,,,
B,18,2021,liu qun,Dujiangyan,31.01,103.37,1240,15.2,896-1320,NH_4NO_3,20,2,,279,single,72.932,1.158,108,496.224,24.366,108,,,
B,18,2021,liu qun,Dujiangyan,31.01,103.37,1240,15.2,896-1320,NH_4NO_3,40,2,,279,single,71.429,1.881,108,556.849,32.345,108,,,
B,19,2022,Rui Yin,Dujiangyan,31.01,103.37,1243,15.2,896-1320,NH_4NO_3,0,3,,360,single,40.198,0.299,108,960.211,51.648,108,,,
B,19,2022,Rui Yin,Dujiangyan,31.01,103.37,1243,15.2,896-1320,NH_4NO_3,20,3,,360,single,42.387,0.706,108,1449.87,69.039,108,,,
B,19,2022,Rui Yin,Dujiangyan,31.01,103.37,1243,15.2,896-1320,NH_4NO_3,40,3,,360,single,51.825,0.825,108,972.435,62.431,108,,,
B,20,2018,Zhang Ling,"Yancheng City, Jiangsu Province",32.52,120.49,1051,14.6,,NH_4NO_3,0,5,,60,single,18.7456,1.831,9,394.366,197.183,9,1.221,0.55,9
B,20,2018,Zhang Ling,"Yancheng City, Jiangsu Province",32.52,120.49,1051,14.6,,NH_4NO_3,50,5,,60,single,17.1086,1.833,9,394.366,98.592,9,1.108,0.485,9
B,20,2018,Zhang Ling,"Yancheng City, Jiangsu Province",32.52,120.49,1051,14.6,,NH_4NO_3,100,5,,60,single,17.0769,3.692,9,492.958,197.183,9,1.221,0.372,9
B,20,2018,Zhang Ling,"Yancheng City, Jiangsu Province",32.52,120.49,1051,14.6,,NH_4NO_3,150,5,,60,single,17.5385,0.923,9,690.141,197.183,9,1.544,0.485,9
B,20,2018,Zhang Ling,"Yancheng City, Jiangsu Province",32.52,120.49,1051,14.6,,NH_4NO_3,300,5,,60,single,17.1302,1.397,9,295.775,98.591,9,1.35,0.421,9
B,20,2018,Zhang Ling,"Yancheng City, Jiangsu Province",32.52,120.49,1051,14.6,,NH_4NO_3,0,5,,120,single,19.6293,1.374,9,394.366,98.592,9,0.759,0.21,9
B,20,2018,Zhang Ling,"Yancheng City, Jiangsu Province",32.52,120.49,1051,14.6,,NH_4NO_3,50,5,,120,single,21.657,1.832,9,295.775,98.591,9,0.621,0.202,9
B,20,2018,Zhang Ling,"Yancheng City, Jiangsu Province",32.52,120.49,1051,14.6,,NH_4NO_3,100,5,,120,single,20.7692,0.923,9,295.775,98.591,9,1.082,0.081,9
B,20,2018,Zhang Ling,"Yancheng City, Jiangsu Province",32.52,120.49,1051,14.6,,NH_4NO_3,150,5,,120,single,21.2308,0.923,9,394.366,98.592,9,0.799,0.251,9
B,20,2018,Zhang Ling,"Yancheng City, Jiangsu Province",32.52,120.49,1051,14.6,,NH_4NO_3,300,5,,120,single,21.7022,0.469,9,295.775,98.591,9,0.863,0.51,9
B,20,2018,Zhang Ling,"Yancheng City, Jiangsu Province",32.52,120.49,1051,14.6,,NH_4NO_3,0,5,,180,single,30.1322,0.915,9,9464.79,690.11,9,1.292,0.162,9
B,20,2018,Zhang Ling,"Yancheng City, Jiangsu Province",32.52,120.49,1051,14.6,,NH_4NO_3,50,5,,180,single,28.0365,1.832,9,7690.14,788.73,9,1.267,0.105,9
B,20,2018,Zhang Ling,"Yancheng City, Jiangsu Province",32.52,120.49,1051,14.6,,NH_4NO_3,100,5,,180,single,28.1538,2.769,9,8380.28,1281.69,9,1.048,0.227,9
B,20,2018,Zhang Ling,"Yancheng City, Jiangsu Province",32.52,120.49,1051,14.6,,NH_4NO_3,150,5,,180,single,30,2.308,9,8873.24,887.32,9,1.428,0.113,9
B,20,2018,Zhang Ling,"Yancheng City, Jiangsu Province",32.52,120.49,1051,14.6,,NH_4NO_3,300,5,,180,single,27.2083,0.928,9,5915.49,887.33,9,1.355,0.299,9
B,20,2018,Zhang Ling,"Yancheng City, Jiangsu Province",32.52,120.49,1051,14.6,,NH_4NO_3,0,5,,240,single,41.5496,0.916,9,8281.69,591.55,9,1.404,0.202,9
B,20,2018,Zhang Ling,"Yancheng City, Jiangsu Province",32.52,120.49,1051,14.6,,NH_4NO_3,50,5,,240,single,40.828,1.375,9,8774.65,591.55,9,1.419,0.057,9
B,20,2018,Zhang Ling,"Yancheng City, Jiangsu Province",32.52,120.49,1051,14.6,,NH_4NO_3,100,5,,240,single,41.5385,3.692,9,10056.3,1774.7,9,1.363,0.202,9
B,20,2018,Zhang Ling,"Yancheng City, Jiangsu Province",32.52,120.49,1051,14.6,,NH_4NO_3,150,5,,240,single,41.0769,1.385,9,12028.2,591.5,9,1.362,0.113,9
B,20,2018,Zhang Ling,"Yancheng City, Jiangsu Province",32.52,120.49,1051,14.6,,NH_4NO_3,300,5,,240,single,40.1525,1.86,9,10746.5,1281.7,9,1.273,0.21,9
B,20,2018,Zhang Ling,"Yancheng City, Jiangsu Province",32.52,120.49,1051,14.6,,NH_4NO_3,0,5,,300,single,48.3867,1.832,9,8942.45,298.02,9,1.515,0.057,9
B,20,2018,Zhang Ling,"Yancheng City, Jiangsu Province",32.52,120.49,1051,14.6,,NH_4NO_3,50,5,,300,single,47.666,0.917,9,7661.03,595.73,9,1.669,0.121,9
B,20,2018,Zhang Ling,"Yancheng City, Jiangsu Province",32.52,120.49,1051,14.6,,NH_4NO_3,100,5,,300,single,48.9231,0.923,9,7670.36,99.13,9,1.604,0.105,9
B,20,2018,Zhang Ling,"Yancheng City, Jiangsu Province",32.52,120.49,1051,14.6,,NH_4NO_3,150,5,,300,single,50.3077,0.923,9,9168.85,695.02,9,1.604,0.032,9
B,20,2018,Zhang Ling,"Yancheng City, Jiangsu Province",32.52,120.49,1051,14.6,,NH_4NO_3,300,5,,300,single,47.5171,1.397,9,8086.17,695.02,9,1.482,0.267,9
B,20,2018,Zhang Ling,"Yancheng City, Jiangsu Province",32.52,120.49,1051,14.6,,NH_4NO_3,0,5,,360,single,51.1026,0.916,9,3038.26,1092.17,9,1.255,0.113,9
B,20,2018,Zhang Ling,"Yancheng City, Jiangsu Province",32.52,120.49,1051,14.6,,NH_4NO_3,50,5,,360,single,51.2977,0.916,9,2352.41,397.16,9,1.19,0.267,9
B,20,2018,Zhang Ling,"Yancheng City, Jiangsu Province",32.52,120.49,1051,14.6,,NH_4NO_3,100,5,,360,single,52.6154,0.462,9,2758.74,595.73,9,1.465,0.235,9
B,20,2018,Zhang Ling,"Yancheng City, Jiangsu Province",32.52,120.49,1051,14.6,,NH_4NO_3,150,5,,360,single,53.5385,0.923,9,3363.95,893.44,9,1.141,0,9
B,20,2018,Zhang Ling,"Yancheng City, Jiangsu Province",32.52,120.49,1051,14.6,,NH_4NO_3,300,5,,360,single,51.1609,0.93,9,3373.28,794.15,9,1.343,0.129,9
B,21,2020,Pu Yue,"Lingyan Mountain, Dujiangyan",31.01,103.35,1243,15.2,1108,NH_4NO_3,0,2,,60,single,19.993,0.837,6,,,,,,
B,21,2020,Pu Yue,"Lingyan Mountain, Dujiangyan",31.01,103.35,1243,15.2,1108,NH_4NO_3,20,2,,60,single,19.984,0.909,6,,,,,,
B,21,2020,Pu Yue,"Lingyan Mountain, Dujiangyan",31.01,103.35,1243,15.2,1108,NH_4NO_3,40,2,,60,single,19.371,0.928,6,,,,,,
B,21,2020,Pu Yue,"Lingyan Mountain, Dujiangyan",31.01,103.35,1243,15.2,1108,NH_4NO_3,0,2,,120,single,25.754,2.332,6,,,,,,
B,21,2020,Pu Yue,"Lingyan Mountain, Dujiangyan",31.01,103.35,1243,15.2,1108,NH_4NO_3,20,2,,120,single,28.413,2.171,6,,,,,,
B,21,2020,Pu Yue,"Lingyan Mountain, Dujiangyan",31.01,103.35,1243,15.2,1108,NH_4NO_3,40,2,,120,single,23.653,2.071,6,,,,,,
B,21,2020,Pu Yue,"Lingyan Mountain, Dujiangyan",31.01,103.35,1243,15.2,1108,NH_4NO_3,0,2,,180,single,39.182,1.736,6,,,,,,
B,21,2020,Pu Yue,"Lingyan Mountain, Dujiangyan",31.01,103.35,1243,15.2,1108,NH_4NO_3,20,2,,180,single,38.429,1.426,6,,,,,,
B,21,2020,Pu Yue,"Lingyan Mountain, Dujiangyan",31.01,103.35,1243,15.2,1108,NH_4NO_3,40,2,,180,single,33.274,1.402,6,,,,,,
B,21,2020,Pu Yue,"Lingyan Mountain, Dujiangyan",31.01,103.35,1243,15.2,1108,NH_4NO_3,0,2,,240,single,51.508,3.555,6,,,,,,
B,21,2020,Pu Yue,"Lingyan Mountain, Dujiangyan",31.01,103.35,1243,15.2,1108,NH_4NO_3,20,2,,240,single,53.818,5.947,6,,,,,,
B,21,2020,Pu Yue,"Lingyan Mountain, Dujiangyan",31.01,103.35,1243,15.2,1108,NH_4NO_3,40,2,,240,single,44.04,4.377,6,,,,,,
B,21,2020,Pu Yue,"Lingyan Mountain, Dujiangyan",31.01,103.35,1243,15.2,1108,NH_4NO_3,0,2,,300,single,56.924,4.29,6,,,,,,
B,21,2020,Pu Yue,"Lingyan Mountain, Dujiangyan",31.01,103.35,1243,15.2,1108,NH_4NO_3,20,2,,300,single,60.04,7.071,6,,,,,,
B,21,2020,Pu Yue,"Lingyan Mountain, Dujiangyan",31.01,103.35,1243,15.2,1108,NH_4NO_3,40,2,,300,single,51.846,5.037,6,,,,,,
B,21,2020,Pu Yue,"Lingyan Mountain, Dujiangyan",31.01,103.35,1243,15.2,1108,NH_4NO_3,0,2,,totall time,single,38.672,2.893,30,978.028,189.504,30,5.52,0.961,30
B,21,2020,Pu Yue,"Lingyan Mountain, Dujiangyan",31.01,103.35,1243,15.2,1108,NH_4NO_3,20,2,,totall time,single,40.136,3.354,30,2052.737,297.973,30,6.333,1.236,30
B,21,2020,Pu Yue,"Lingyan Mountain, Dujiangyan",31.01,103.35,1243,15.2,1108,NH_4NO_3,40,2,,totall time,single,34.437,2.646,30,2201.278,168.825,30,8.244,0.55,30
B,22,2019,Hu Junzhe,"Yucheng, Ya 'an City, Sichuan Province",30.03,102.59,1772.2,16.2,,NH_4NO_3,0,3,,60,mixture,10.417,0.745,9,1077.29,142.14,9,1.982,0.055,9
B,22,2019,Hu Junzhe,"Yucheng, Ya 'an City, Sichuan Province",30.03,102.59,1772.2,16.2,,NH_4NO_3,50,3,,60,mixture,9.942,0.609,9,1894.47,213.27,9,2.326,0.261,9
B,22,2019,Hu Junzhe,"Yucheng, Ya 'an City, Sichuan Province",30.03,102.59,1772.2,16.2,,NH_4NO_3,150,3,,60,mixture,9.466,1.056,9,744.866,201.422,9,1.761,0.179,9
B,22,2019,Hu Junzhe,"Yucheng, Ya 'an City, Sichuan Province",30.03,102.59,1772.2,16.2,,NH_4NO_3,300,3,,60,mixture,9.151,1.047,9,685.269,165.876,9,1.638,0.165,9
B,22,2019,Hu Junzhe,"Yucheng, Ya 'an City, Sichuan Province",30.03,102.59,1772.2,16.2,,NH_4NO_3,0,3,,120,mixture,13.872,1.266,9,1573.14,236.93,9,2.014,0.202,9
B,22,2019,Hu Junzhe,"Yucheng, Ya 'an City, Sichuan Province",30.03,102.59,1772.2,16.2,,NH_4NO_3,50,3,,120,mixture,11.973,5.305,9,1537.24,82.94,9,1.857,0.07,9
B,22,2019,Hu Junzhe,"Yucheng, Ya 'an City, Sichuan Province",30.03,102.59,1772.2,16.2,,NH_4NO_3,150,3,,120,mixture,8.65,1.616,9,1216.98,59.24,9,1.757,0.101,9
B,22,2019,Hu Junzhe,"Yucheng, Ya 'an City, Sichuan Province",30.03,102.59,1772.2,16.2,,NH_4NO_3,300,3,,120,mixture,9.786,3.517,9,920.458,177.682,9,1.5,0.124,9
B,22,2019,Hu Junzhe,"Yucheng, Ya 'an City, Sichuan Province",30.03,102.59,1772.2,16.2,,NH_4NO_3,0,3,,180,mixture,18 8073,1.224,9,1488.39,402.84,9,1.443,0.098,9
B,22,2019,Hu Junzhe,"Yucheng, Ya 'an City, Sichuan Province",30.03,102.59,1772.2,16.2,,NH_4NO_3,50,3,,180,mixture,16.667,0.611,9,1962.01,94.74,9,1.671,0.063,9
B,22,2019,Hu Junzhe,"Yucheng, Ya 'an City, Sichuan Province",30.03,102.59,1772.2,16.2,,NH_4NO_3,150,3,,180,mixture,16.667,1.071,9,1262.6,82.9,9,1.541,0.083,9
B,22,2019,Hu Junzhe,"Yucheng, Ya 'an City, Sichuan Province",30.03,102.59,1772.2,16.2,,NH_4NO_3,300,3,,180,mixture,14.526,3.823,9,705.371,59.242,9,1.349,0.055,9
B,22,2019,Hu Junzhe,"Yucheng, Ya 'an City, Sichuan Province",30.03,102.59,1772.2,16.2,,NH_4NO_3,0,3,,240,mixture,28.288,2.752,9,1166.67,106.67,9,1.803,0.192,9
B,22,2019,Hu Junzhe,"Yucheng, Ya 'an City, Sichuan Province",30.03,102.59,1772.2,16.2,,NH_4NO_3,50,3,,240,mixture,23.395,0.611,9,1118.96,35.54,9,1.486,0.042,9
B,22,2019,Hu Junzhe,"Yucheng, Ya 'an City, Sichuan Province",30.03,102.59,1772.2,16.2,,NH_4NO_3,150,3,,240,mixture,22.63,0.306,9,905.332,130.328,9,1.528,0.082,9
B,22,2019,Hu Junzhe,"Yucheng, Ya 'an City, Sichuan Province",30.03,102.59,1772.2,16.2,,NH_4NO_3,300,3,,240,mixture,21.865,1.529,9,596.959,154.028,9,1.665,0.248,9
B,22,2019,Hu Junzhe,"Yucheng, Ya 'an City, Sichuan Province",30.03,102.59,1772.2,16.2,,NH_4NO_3,0,3,,300,mixture,42.966,2.294,9,1153.04,82.94,9,1.459,0.055,9
B,22,2019,Hu Junzhe,"Yucheng, Ya 'an City, Sichuan Province",30.03,102.59,1772.2,16.2,,NH_4NO_3,50,3,,300,mixture,40.691,1.052,9,1780.65,118.48,9,1.569,0.11,9
B,22,2019,Hu Junzhe,"Yucheng, Ya 'an City, Sichuan Province",30.03,102.59,1772.2,16.2,,NH_4NO_3,150,3,,300,mixture,36.239,1.07,9,1069.43,213.27,9,1.514,0.137,9
B,22,2019,Hu Junzhe,"Yucheng, Ya 'an City, Sichuan Province",30.03,102.59,1772.2,16.2,,NH_4NO_3,300,3,,300,mixture,32.263,0.917,9,772.907,106.635,9,1.362,0.097,9
B,22,2019,Hu Junzhe,"Yucheng, Ya 'an City, Sichuan Province",30.03,102.59,1772.2,16.2,,NH_4NO_3,0,3,,360,mixture,45.413,1.682,9,1542.26,23.66,9,1.514,0.165,9
B,22,2019,Hu Junzhe,"Yucheng, Ya 'an City, Sichuan Province",30.03,102.59,1772.2,16.2,,NH_4NO_3,50,3,,360,mixture,43.272,2.446,9,2027.73,177.68,9,1.569,0.151,9
B,22,2019,Hu Junzhe,"Yucheng, Ya 'an City, Sichuan Province",30.03,102.59,1772.2,16.2,,NH_4NO_3,150,3,,360,mixture,39.602,1.529,9,1352.01,47.4,9,1.514,0.069,9
B,22,2019,Hu Junzhe,"Yucheng, Ya 'an City, Sichuan Province",30.03,102.59,1772.2,16.2,,NH_4NO_3,300,3,,360,mixture,35.015,2.446,9,925.118,260.702,9,0.851,0.22,9
B,23,2021,Liang Zhiwei,"Ulanqab City, Inner Mongolia",41.47,111.53,280,3.4,1450,NH_4NO_3,0,2,,180,single,22.893,1.6244,6,,,,,,
B,23,2021,Liang Zhiwei,"Ulanqab City, Inner Mongolia",41.47,111.53,280,3.4,1450,NH_4NO_3,30,2,,180,single,22.4873,1.2183,6,,,,,,
B,23,2021,Liang Zhiwei,"Ulanqab City, Inner Mongolia",41.47,111.53,280,3.4,1450,NH_4NO_3,50,2,,180,single,23.941,1.2133,6,,,,,,
B,23,2021,Liang Zhiwei,"Ulanqab City, Inner Mongolia",41.47,111.53,280,3.4,1450,NH_4NO_3,100,2,,180,single,24.5591,1.6185,6,,,,,,
B,23,2021,Liang Zhiwei,"Ulanqab City, Inner Mongolia",41.47,111.53,280,3.4,1450,NH_4NO_3,0,2,,360,single,33.858,3.2488,6,,,,,,
B,23,2021,Liang Zhiwei,"Ulanqab City, Inner Mongolia",41.47,111.53,280,3.4,1450,NH_4NO_3,30,2,,360,single,36.2944,4.0609,6,,,,,,
B,23,2021,Liang Zhiwei,"Ulanqab City, Inner Mongolia",41.47,111.53,280,3.4,1450,NH_4NO_3,50,2,,360,single,36.9494,1.2139,6,,,,,,
B,23,2021,Liang Zhiwei,"Ulanqab City, Inner Mongolia",41.47,111.53,280,3.4,1450,NH_4NO_3,100,2,,360,single,33.1176,3.2365,6,,,,,,
B,23,2021,Liang Zhiwei,"Ulanqab City, Inner Mongolia",41.47,111.53,280,3.4,1450,NH_4NO_3,0,2,,450,single,37.513,3.2487,6,,,,,,
B,23,2021,Liang Zhiwei,"Ulanqab City, Inner Mongolia",41.47,111.53,280,3.4,1450,NH_4NO_3,30,2,,450,single,39.9492,1.6243,6,,,,,,
B,23,2021,Liang Zhiwei,"Ulanqab City, Inner Mongolia",41.47,111.53,280,3.4,1450,NH_4NO_3,50,2,,450,single,42.2405,6.0694,6,,,,,,
B,23,2021,Liang Zhiwei,"Ulanqab City, Inner Mongolia",41.47,111.53,280,3.4,1450,NH_4NO_3,100,2,,450,single,35.1711,1.618,6,,,,,,
B,23,2021,Liang Zhiwei,"Ulanqab City, Inner Mongolia",41.47,111.53,280,3.4,1450,NH_4NO_3,0,2,,540,single,48.883,2.8427,6,,,,,,
B,23,2021,Liang Zhiwei,"Ulanqab City, Inner Mongolia",41.47,111.53,280,3.4,1450,NH_4NO_3,30,2,,540,single,47.665,6.0913,6,,,,,,
B,23,2021,Liang Zhiwei,"Ulanqab City, Inner Mongolia",41.47,111.53,280,3.4,1450,NH_4NO_3,50,2,,540,single,52.7917,4.856,6,,,,,,
B,23,2021,Liang Zhiwei,"Ulanqab City, Inner Mongolia",41.47,111.53,280,3.4,1450,NH_4NO_3,100,2,,540,single,45.3172,2.4278,6,,,,,,
B,23,2021,Liang Zhiwei,"Ulanqab City, Inner Mongolia",41.47,111.53,280,3.4,1450,NH_4NO_3,0,2,,totall time,single,35.787,1.98,24,1483.133,359.567,24,2.383,0.184,24
B,23,2021,Liang Zhiwei,"Ulanqab City, Inner Mongolia",41.47,111.53,280,3.4,1450,NH_4NO_3,30,2,,totall time,single,36.599,2.017,24,1393.267,269.667,24,2.182,0.166,24
B,23,2021,Liang Zhiwei,"Ulanqab City, Inner Mongolia",41.47,111.53,280,3.4,1450,NH_4NO_3,50,2,,totall time,single,38.981,2.271,24,1662.933,119.833,24,2.534,0.165,24
B,23,2021,Liang Zhiwei,"Ulanqab City, Inner Mongolia",41.47,111.53,280,3.4,1450,NH_4NO_3,100,2,,totall time,single,34.541,1.58,24,1543.067,74.9,24,2.406,0.166,24
B,24,2014,Liu Chengcheng,"Yucheng, Ya 'an City, southwest Sichuan Province",30.11,103.04,1522,16.36,1294.5,NH_4NO_3,0,2,,180,mixture,21.971,3.593,3,767.408,14.879,3,1.821,0.083,3
B,24,2014,Liu Chengcheng,"Yucheng, Ya 'an City, southwest Sichuan Province",30.11,103.04,1522,16.36,1294.5,NH_4NO_3,50,2,,180,mixture,27.332,4.792,3,455.74,215.75,3,1.393,0.405,3
B,24,2014,Liu Chengcheng,"Yucheng, Ya 'an City, southwest Sichuan Province",30.11,103.04,1522,16.36,1294.5,NH_4NO_3,100,2,,180,mixture,23.713,2.399,3,434.219,67.003,3,1.274,0.262,3
B,24,2014,Liu Chengcheng,"Yucheng, Ya 'an City, southwest Sichuan Province",30.11,103.04,1522,16.36,1294.5,NH_4NO_3,150,2,,180,mixture,26.678,5.389,3,680.571,245.508,3,1.601,0.161,3
B,24,2014,Liu Chengcheng,"Yucheng, Ya 'an City, southwest Sichuan Province",30.11,103.04,1522,16.36,1294.5,NH_4NO_3,0,2,,270,mixture,29.608,4.192,3,496.596,223.142,3,1.262,0.048,3
B,24,2014,Liu Chengcheng,"Yucheng, Ya 'an City, southwest Sichuan Province",30.11,103.04,1522,16.36,1294.5,NH_4NO_3,50,2,,270,mixture,31.374,3.594,3,549.47,185.991,3,1.238,0.065,3
B,24,2014,Liu Chengcheng,"Yucheng, Ya 'an City, southwest Sichuan Province",30.11,103.04,1522,16.36,1294.5,NH_4NO_3,100,2,,270,mixture,33.744,4.19,3,1056.21,349.71,3,0.714,0.131,3
B,24,2014,Liu Chengcheng,"Yucheng, Ya 'an City, southwest Sichuan Province",30.11,103.04,1522,16.36,1294.5,NH_4NO_3,150,2,,270,mixture,33.718,3.593,3,2232.61,133.91,3,1.143,0.417,3
B,24,2014,Liu Chengcheng,"Yucheng, Ya 'an City, southwest Sichuan Province",30.11,103.04,1522,16.36,1294.5,NH_4NO_3,0,2,,360,mixture,36.641,3.591,3,404.288,141.4,3,0.714,0.012,3
B,24,2014,Liu Chengcheng,"Yucheng, Ya 'an City, southwest Sichuan Province",30.11,103.04,1522,16.36,1294.5,NH_4NO_3,50,2,,360,mixture,42.005,4.197,3,241.413,22.319,3,1.161,0.083,3
B,24,2014,Liu Chengcheng,"Yucheng, Ya 'an City, southwest Sichuan Province",30.11,103.04,1522,16.36,1294.5,NH_4NO_3,100,2,,360,mixture,40.781,4.189,3,480.326,394.347,3,1.161,0.054,3
B,24,2014,Liu Chengcheng,"Yucheng, Ya 'an City, southwest Sichuan Province",30.11,103.04,1522,16.36,1294.5,NH_4NO_3,150,2,,360,mixture,44.945,1.802,3,555.519,349.757,3,1.429,0.387,3
B,24,2014,Liu Chengcheng,"Yucheng, Ya 'an City, southwest Sichuan Province",30.11,103.04,1522,16.36,1294.5,NH_4NO_3,0,2,,390,mixture,,,,1130.53,572.9,3,1.202,0.024,3
B,24,2014,Liu Chengcheng,"Yucheng, Ya 'an City, southwest Sichuan Province",30.11,103.04,1522,16.36,1294.5,NH_4NO_3,50,2,,390,mixture,,,,424.513,119.034,3,1.095,0.262,3
B,24,2014,Liu Chengcheng,"Yucheng, Ya 'an City, southwest Sichuan Province",30.11,103.04,1522,16.36,1294.5,NH_4NO_3,100,2,,390,mixture,,,,194.634,52.124,3,0.607,0.131,3
B,24,2014,Liu Chengcheng,"Yucheng, Ya 'an City, southwest Sichuan Province",30.11,103.04,1522,16.36,1294.5,NH_4NO_3,150,2,,390,mixture,,,,1505,386.86,3,0.774,0.048,3
B,24,2014,Liu Chengcheng,"Yucheng, Ya 'an City, southwest Sichuan Province",30.11,103.04,1522,16.36,1294.5,NH_4NO_3,0,2,,450,mixture,,,,1559.09,483.62,3,1.262,0.03,3
B,24,2014,Liu Chengcheng,"Yucheng, Ya 'an City, southwest Sichuan Province",30.11,103.04,1522,16.36,1294.5,NH_4NO_3,50,2,,450,mixture,,,,696.794,37.245,3,1.077,0.083,3
B,24,2014,Liu Chengcheng,"Yucheng, Ya 'an City, southwest Sichuan Province",30.11,103.04,1522,16.36,1294.5,NH_4NO_3,100,2,,450,mixture,,,,1434.26,595.17,3,1.333,0.5,3
B,24,2014,Liu Chengcheng,"Yucheng, Ya 'an City, southwest Sichuan Province",30.11,103.04,1522,16.36,1294.5,NH_4NO_3,150,2,,450,mixture,,,,400.756,178.645,3,1.095,0.113,3
B,25,2013,Gan huijie,Great Lakes region of North America,44.27,-85.6927,847,6.75,,N_aNO_3,0,10,,60,single,23.88,3.037,12,6242.05,383.273,12,,,
B,25,2013,Gan huijie,Great Lakes region of North America,44.27,-85.6927,847,6.75,,N_aNO_3,30,10,,60,single,34.208,4.749,12,3653.868,245.475,12,,,
B,25,2013,Gan huijie,Great Lakes region of North America,44.27,-85.6927,847,6.75,,N_aNO_3,0,10,,120,single,34.208,4.572,12,2059.106,144.531,12,,,
B,25,2013,Gan huijie,Great Lakes region of North America,44.27,-85.6927,847,6.75,,N_aNO_3,30,10,,120,single,51.23,5.987,12,1842.364,185.623,12,,,
B,25,2013,Gan huijie,Great Lakes region of North America,44.27,-85.6927,847,6.75,,N_aNO_3,0,10,,360,single,55.82,3.709,12,4156.832,453.263,12,,,
B,25,2013,Gan huijie,Great Lakes region of North America,44.27,-85.6927,847,6.75,,N_aNO_3,30,10,,360,single,65.574,5.649,12,2464.142,283.298,12,,,
B,25,2013,Gan huijie,Great Lakes region of North America,44.27,-85.6927,847,6.75,,N_aNO_3,0,10,,480,single,71.312,2.078,12,1781.821,239.973,12,,,
B,25,2013,Gan huijie,Great Lakes region of North America,44.27,-85.6927,847,6.75,,N_aNO_3,30,10,,480,single,85.465,3.564,12,358.344,48.086,12,,,
B,26,2021,Liu shen,Jigongshan (JGS) National Nature Reserve,31.46,114.01,1132,15.96,168,NH_4NO_3,0,2,,60,single,88.691,1.1308,8,,,,,,
B,26,2021,Liu shen,Jigongshan (JGS) National Nature Reserve,31.46,114.01,1132,15.96,168,NH_4NO_3,25,2,,60,single,91.761,1.6155,8,,,,,,
B,26,2021,Liu shen,Jigongshan (JGS) National Nature Reserve,31.46,114.01,1132,15.96,168,NH_4NO_3,50,2,,60,single,89.984,0.3231,8,,,,,,
B,26,2021,Liu shen,Jigongshan (JGS) National Nature Reserve,31.46,114.01,1132,15.96,168,NH_4NO_3,0,2,,120,single,89.338,0.8078,8,,,,,,
B,26,2021,Liu shen,Jigongshan (JGS) National Nature Reserve,31.46,114.01,1132,15.96,168,NH_4NO_3,25,2,,120,single,88.207,0.3231,8,,,,,,
B,26,2021,Liu shen,Jigongshan (JGS) National Nature Reserve,31.46,114.01,1132,15.96,168,NH_4NO_3,50,2,,120,single,87.722,0,8,,,,,,
B,26,2021,Liu shen,Jigongshan (JGS) National Nature Reserve,31.46,114.01,1132,15.96,168,NH_4NO_3,0,2,,180,single,77.868,1.454,8,,,,,,
B,26,2021,Liu shen,Jigongshan (JGS) National Nature Reserve,31.46,114.01,1132,15.96,168,NH_4NO_3,25,2,,180,single,77.221,0.6462,8,,,,,,
B,26,2021,Liu shen,Jigongshan (JGS) National Nature Reserve,31.46,114.01,1132,15.96,168,NH_4NO_3,50,2,,180,single,73.183,3.7156,8,,,,,,
B,26,2021,Liu shen,Jigongshan (JGS) National Nature Reserve,31.46,114.01,1132,15.96,168,NH_4NO_3,0,2,,240,single,65.267,1.4539,8,,,,,,
B,26,2021,Liu shen,Jigongshan (JGS) National Nature Reserve,31.46,114.01,1132,15.96,168,NH_4NO_3,25,2,,240,single,56.22,1.6155,8,,,,,,
B,26,2021,Liu shen,Jigongshan (JGS) National Nature Reserve,31.46,114.01,1132,15.96,168,NH_4NO_3,50,2,,240,single,64.944,1.4539,8,,,,,,
B,26,2021,Liu shen,Jigongshan (JGS) National Nature Reserve,31.46,114.01,1132,15.96,168,NH_4NO_3,0,2,,300,single,45.073,4.2003,8,,,,,,
B,26,2021,Liu shen,Jigongshan (JGS) National Nature Reserve,31.46,114.01,1132,15.96,168,NH_4NO_3,25,2,,300,single,34.733,2.908,8,,,,,,
B,26,2021,Liu shen,Jigongshan (JGS) National Nature Reserve,31.46,114.01,1132,15.96,168,NH_4NO_3,50,2,,300,single,44.103,0.6462,8,,,,,,
B,26,2021,Liu shen,Jigongshan (JGS) National Nature Reserve,31.46,114.01,1132,15.96,168,NH_4NO_3,0,2,,360,single,18.094,1.1309,8,,,,,,
B,26,2021,Liu shen,Jigongshan (JGS) National Nature Reserve,31.46,114.01,1132,15.96,168,NH_4NO_3,25,2,,360,single,15.832,2.7464,8,,,,,,
B,26,2021,Liu shen,Jigongshan (JGS) National Nature Reserve,31.46,114.01,1132,15.96,168,NH_4NO_3,50,2,,360,single,26.817,3.5542,8,,,,,,
B,26,2021,Liu shen,Guangdong Province,24.22,113.05,1688,20.79,255,NH_4NO_3,0,2,,60,single,75.89,1.4563,8,,,,,,
B,26,2021,Liu shen,Guangdong Province,24.22,113.05,1688,20.79,255,NH_4NO_3,25,2,,60,single,70.874,2.2654,8,,,,,,
B,26,2021,Liu shen,Guangdong Province,24.22,113.05,1688,20.79,255,NH_4NO_3,50,2,,60,single,73.301,0.809,8,,,,,,
B,26,2021,Liu shen,Guangdong Province,24.22,113.05,1688,20.79,255,NH_4NO_3,0,2,,120,single,54.854,1.6181,8,,,,,,
B,26,2021,Liu shen,Guangdong Province,24.22,113.05,1688,20.79,255,NH_4NO_3,25,2,,120,single,58.091,3.8835,8,,,,,,
B,26,2021,Liu shen,Guangdong Province,24.22,113.05,1688,20.79,255,NH_4NO_3,50,2,,120,single,53.236,4.6925,8,,,,,,
B,26,2021,Liu shen,Guangdong Province,24.22,113.05,1688,20.79,255,NH_4NO_3,0,2,,180,single,37.217,1.2945,8,,,,,,
B,26,2021,Liu shen,Guangdong Province,24.22,113.05,1688,20.79,255,NH_4NO_3,25,2,,180,single,42.718,3.7217,8,,,,,,
B,26,2021,Liu shen,Guangdong Province,24.22,113.05,1688,20.79,255,NH_4NO_3,50,2,,180,single,29.774,5.0162,8,,,,,,
B,26,2021,Liu shen,Guangdong Province,24.22,113.05,1688,20.79,255,NH_4NO_3,0,2,,240,single,23.948,1.78,8,,,,,,
B,26,2021,Liu shen,Guangdong Province,24.22,113.05,1688,20.79,255,NH_4NO_3,25,2,,240,single,27.508,6.4725,8,,,,,,
B,26,2021,Liu shen,Guangdong Province,24.22,113.05,1688,20.79,255,NH_4NO_3,50,2,,240,single,21.521,1.2945,8,,,,,,
B,26,2021,Liu shen,Guangdong Province,24.22,113.05,1688,20.79,255,NH_4NO_3,0,2,,300,single,24.11,2.1036,8,,,,,,
B,26,2021,Liu shen,Guangdong Province,24.22,113.05,1688,20.79,255,NH_4NO_3,25,2,,300,single,16.019,5.0162,8,,,,,,
B,26,2021,Liu shen,Guangdong Province,24.22,113.05,1688,20.79,255,NH_4NO_3,50,2,,300,single,11.327,3.55991,8,,,,,,
B,26,2021,Liu shen,Guangdong Province,24.22,113.05,1688,20.79,255,NH_4NO_3,0,2,,360,single,17.314,1.9418,8,,,,,,
B,26,2021,Liu shen,Guangdong Province,24.22,113.05,1688,20.79,255,NH_4NO_3,25,2,,360,single,15.617,1.5007,8,,,,,,
B,26,2021,Liu shen,Guangdong Province,24.22,113.05,1688,20.79,255,NH_4NO_3,50,2,,360,single,12.913,1.8018,8,,,,,,
B,26,2021,Liu shen,Jigongshan (JGS) National Nature Reserve,31.46,114.01,1132,15.96,168,NH_4NO_3,0,2,,totall time,single,35.945,3.697,48,4941.18,470.58,48,1.59,0.056,48
B,26,2021,Liu shen,Jigongshan (JGS) National Nature Reserve,31.46,114.01,1132,15.96,168,NH_4NO_3,25,2,,totall time,single,39.338,4.05,48,4000,352.94,48,1.632,0.049,48
B,26,2021,Liu shen,Jigongshan (JGS) National Nature Reserve,31.46,114.01,1132,15.96,168,NH_4NO_3,50,2,,totall time,single,35.541,3.296,48,4000,470.59,48,1.556,0.055,48
B,26,2021,Liu shen,Guangdong Province,24.22,113.05,1688,20.79,255,NH_4NO_3,0,2,,totall time,single,61.111,2.977,48,9470.59,705.91,48,1.139,0.035,48
B,26,2021,Liu shen,Guangdong Province,24.22,113.05,1688,20.79,255,NH_4NO_3,25,2,,totall time,single,61.529,3.064,48,11705.9,1411.7,48,1.167,0.062,48
B,26,2021,Liu shen,Guangdong Province,24.22,113.05,1688,20.79,255,NH_4NO_3,50,2,,totall time,single,66.321,3.287,48,13294.1,1000,48,1.222,0.063,48
B,27,2013,A. Stuart Grandy,Michigan State,42.24,-85.24,890,12.305,,CO(NH_2)_2,0,1.4,,totall time,single,,,,476.544,,24,,,
B,27,2013,A. Stuart Grandy,Michigan State,42.24,-85.24,890,12.305,,CO(NH_2)_2,134,1.4,,totall time,single,,,,302.033,,24,,,
B,27,2013,A. Stuart Grandy,Michigan State,42.24,-85.24,890,12.305,,CO(NH_2)_2,291,1.4,,totall time,single,,,,273.783,,24,,,
B,28,1978,J. M. KELLY,eastern Tennessee,35.58,-84.19,67,15.8123,,CO(NH_2)_2,0,2,,totall time,single,46.373,,48,574,,48,,,
B,28,1978,J. M. KELLY,eastern Tennessee,35.58,-84.19,67,15.8123,,CO(NH_2)_2,550,2,,totall time,single,45.516,,48,445,,48,,,
B,28,1978,J. M. KELLY,eastern Tennessee,35.58,-84.19,67,15.8123,,CO(NH_2)_2,1100,2,,totall time,single,47.443,,48,411,,48,,,
B,29,2024,Carri J. LeRoy 1,Washington State,46.15,-122.1,417,12.97364,1070,NH_4NO_3+Na_4NO_3,0,4,,35,single,,,,57.537,,18,,,
B,29,2024,Carri J. LeRoy 1,Washington State,46.15,-122.1,417,12.97364,1070,NH_4NO_3+Na_4NO_3,16,4,,35,single,,,,338.87,,18,,,
B,30,2024,Jianni Sun,jiangxi,28.15,116.2,1537,17.5,,NH_4NO_3,0,2,,30,mixture,32.876,,5,60888,2667.6,2,1.659,0.066,2
B,30,2024,Jianni Sun,jiangxi,28.15,116.2,1537,17.5,,NH_4NO_3,90,2,,30,mixture,32.876,,5,40444,5778,2,1.864,0.016,2
B,30,2024,Jianni Sun,jiangxi,28.15,116.2,1537,17.5,,NH_4NO_3,0,2,,75,mixture,36.237,,5,21333,2222.6,2,1.847,0.033,2
B,30,2024,Jianni Sun,jiangxi,28.15,116.2,1537,17.5,,NH_4NO_3,90,2,,75,mixture,36.237,,5,16000,2666.7,2,1.79,0.033,2
B,30,2024,Jianni Sun,jiangxi,28.15,116.2,1537,17.5,,NH_4NO_3,0,2,,180,mixture,56.843,,5,16444,2222.7,2,1.989,0.072,2
B,30,2024,Jianni Sun,jiangxi,28.15,116.2,1537,17.5,,NH_4NO_3,90,2,,180,mixture,62.316,,5,28444,2222.7,2,2.004,0.016,2
